x,y,z
0.000000,3.000000,0.000000
0.260472,2.977212,0.000000
0.253942,2.977212,0.057961
0.234677,2.977212,0.113015
0.203645,2.977212,0.162402
0.162402,2.977212,0.203645
0.113015,2.977212,0.234677
0.057961,2.977212,0.253942
0.000000,2.977212,0.260472
-0.057961,2.977212,0.253942
-0.113015,2.977212,0.234677
-0.162402,2.977212,0.203645
-0.203645,2.977212,0.162402
-0.234677,2.977212,0.113015
-0.253942,2.977212,0.057961
-0.260472,2.977212,0.000000
-0.253942,2.977212,-0.057961
-0.234677,2.977212,-0.113015
-0.203645,2.977212,-0.162402
-0.162402,2.977212,-0.203645
-0.113015,2.977212,-0.234677
-0.057961,2.977212,-0.253942
-0.000000,2.977212,-0.260472
0.057961,2.977212,-0.253942
0.113015,2.977212,-0.234677
0.162402,2.977212,-0.203645
0.203645,2.977212,-0.162402
0.234677,2.977212,-0.113015
0.253942,2.977212,-0.057961
0.513030,2.909539,0.000000
0.500167,2.909539,0.114160
0.462224,2.909539,0.222595
0.401103,2.909539,0.319869
0.319869,2.909539,0.401103
0.222595,2.909539,0.462224
0.114160,2.909539,0.500167
0.000000,2.909539,0.513030
-0.114160,2.909539,0.500167
-0.222595,2.909539,0.462224
-0.319869,2.909539,0.401103
-0.401103,2.909539,0.319869
-0.462224,2.909539,0.222595
-0.500167,2.909539,0.114160
-0.513030,2.909539,0.000000
-0.500167,2.909539,-0.114160
-0.462224,2.909539,-0.222595
-0.401103,2.909539,-0.319869
-0.319869,2.909539,-0.401103
-0.222595,2.909539,-0.462224
-0.114160,2.909539,-0.500167
-0.000000,2.909539,-0.513030
0.114160,2.909539,-0.500167
0.222595,2.909539,-0.462224
0.319869,2.909539,-0.401103
0.401103,2.909539,-0.319869
0.462224,2.909539,-0.222595
0.500167,2.909539,-0.114160
0.750000,2.799038,0.000000
0.731196,2.799038,0.166891
0.675727,2.799038,0.325413
0.586374,2.799038,0.467617
0.467617,2.799038,0.586374
0.325413,2.799038,0.675727
0.166891,2.799038,0.731196
0.000000,2.799038,0.750000
-0.166891,2.799038,0.731196
-0.325413,2.799038,0.675727
-0.467617,2.799038,0.586374
-0.586374,2.799038,0.467617
-0.675727,2.799038,0.325413
-0.731196,2.799038,0.166891
-0.750000,2.799038,0.000000
-0.731196,2.799038,-0.166891
-0.675727,2.799038,-0.325413
-0.586374,2.799038,-0.467617
-0.467617,2.799038,-0.586374
-0.325413,2.799038,-0.675727
-0.166891,2.799038,-0.731196
-0.000000,2.799038,-0.750000
0.166891,2.799038,-0.731196
0.325413,2.799038,-0.675727
0.467617,2.799038,-0.586374
0.586374,2.799038,-0.467617
0.675727,2.799038,-0.325413
0.731196,2.799038,-0.166891
0.964181,2.649067,0.000000
0.940007,2.649067,0.214551
0.868697,2.649067,0.418343
0.753827,2.649067,0.601157
0.601157,2.649067,0.753827
0.418343,2.649067,0.868697
0.214551,2.649067,0.940007
0.000000,2.649067,0.964181
-0.214551,2.649067,0.940007
-0.418343,2.649067,0.868697
-0.601157,2.649067,0.753827
-0.753827,2.649067,0.601157
-0.868697,2.649067,0.418343
-0.940007,2.649067,0.214551
-0.964181,2.649067,0.000000
-0.940007,2.649067,-0.214551
-0.868697,2.649067,-0.418343
-0.753827,2.649067,-0.601157
-0.601157,2.649067,-0.753827
-0.418343,2.649067,-0.868697
-0.214551,2.649067,-0.940007
-0.000000,2.649067,-0.964181
0.214551,2.649067,-0.940007
0.418343,2.649067,-0.868697
0.601157,2.649067,-0.753827
0.753827,2.649067,-0.601157
0.868697,2.649067,-0.418343
0.940007,2.649067,-0.214551
1.149067,2.464181,0.000000
1.120257,2.464181,0.255691
1.035273,2.464181,0.498561
0.898376,2.464181,0.716431
0.716431,2.464181,0.898376
0.498561,2.464181,1.035273
0.255691,2.464181,1.120257
0.000000,2.464181,1.149067
-0.255691,2.464181,1.120257
-0.498561,2.464181,1.035273
-0.716431,2.464181,0.898376
-0.898376,2.464181,0.716431
-1.035273,2.464181,0.498561
-1.120257,2.464181,0.255691
-1.149067,2.464181,0.000000
-1.120257,2.464181,-0.255691
-1.035273,2.464181,-0.498561
-0.898376,2.464181,-0.716431
-0.716431,2.464181,-0.898376
-0.498561,2.464181,-1.035273
-0.255691,2.464181,-1.120257
-0.000000,2.464181,-1.149067
0.255691,2.464181,-1.120257
0.498561,2.464181,-1.035273
0.716431,2.464181,-0.898376
0.898376,2.464181,-0.716431
1.035273,2.464181,-0.498561
1.120257,2.464181,-0.255691
1.299038,2.250000,0.000000
1.266469,2.250000,0.289063
1.170393,2.250000,0.563632
1.015629,2.250000,0.809937
0.809937,2.250000,1.015629
0.563632,2.250000,1.170393
0.289063,2.250000,1.266469
0.000000,2.250000,1.299038
-0.289063,2.250000,1.266469
-0.563632,2.250000,1.170393
-0.809937,2.250000,1.015629
-1.015629,2.250000,0.809937
-1.170393,2.250000,0.563632
-1.266469,2.250000,0.289063
-1.299038,2.250000,0.000000
-1.266469,2.250000,-0.289063
-1.170393,2.250000,-0.563632
-1.015629,2.250000,-0.809937
-0.809937,2.250000,-1.015629
-0.563632,2.250000,-1.170393
-0.289063,2.250000,-1.266469
-0.000000,2.250000,-1.299038
0.289063,2.250000,-1.266469
0.563632,2.250000,-1.170393
0.809937,2.250000,-1.015629
1.015629,2.250000,-0.809937
1.170393,2.250000,-0.563632
1.266469,2.250000,-0.289063
1.409539,2.013030,0.000000
1.374199,2.013030,0.313652
1.269951,2.013030,0.611576
1.102022,2.013030,0.878833
0.878833,2.013030,1.102022
0.611576,2.013030,1.269951
0.313652,2.013030,1.374199
0.000000,2.013030,1.409539
-0.313652,2.013030,1.374199
-0.611576,2.013030,1.269951
-0.878833,2.013030,1.102022
-1.102022,2.013030,0.878833
-1.269951,2.013030,0.611576
-1.374199,2.013030,0.313652
-1.409539,2.013030,0.000000
-1.374199,2.013030,-0.313652
-1.269951,2.013030,-0.611576
-1.102022,2.013030,-0.878833
-0.878833,2.013030,-1.102022
-0.611576,2.013030,-1.269951
-0.313652,2.013030,-1.374199
-0.000000,2.013030,-1.409539
0.313652,2.013030,-1.374199
0.611576,2.013030,-1.269951
0.878833,2.013030,-1.102022
1.102022,2.013030,-0.878833
1.269951,2.013030,-0.611576
1.374199,2.013030,-0.313652
1.477212,1.760472,0.000000
1.440175,1.760472,0.328711
1.330922,1.760472,0.640938
1.154931,1.760472,0.921026
0.921026,1.760472,1.154931
0.640938,1.760472,1.330922
0.328711,1.760472,1.440175
0.000000,1.760472,1.477212
-0.328711,1.760472,1.440175
-0.640938,1.760472,1.330922
-0.921026,1.760472,1.154931
-1.154931,1.760472,0.921026
-1.330922,1.760472,0.640938
-1.440175,1.760472,0.328711
-1.477212,1.760472,0.000000
-1.440175,1.760472,-0.328711
-1.330922,1.760472,-0.640938
-1.154931,1.760472,-0.921026
-0.921026,1.760472,-1.154931
-0.640938,1.760472,-1.330922
-0.328711,1.760472,-1.440175
-0.000000,1.760472,-1.477212
0.328711,1.760472,-1.440175
0.640938,1.760472,-1.330922
0.921026,1.760472,-1.154931
1.154931,1.760472,-0.921026
1.330922,1.760472,-0.640938
1.440175,1.760472,-0.328711
1.500000,1.500000,0.000000
1.462392,1.500000,0.333781
1.351453,1.500000,0.650826
1.172747,1.500000,0.935235
0.935235,1.500000,1.172747
0.650826,1.500000,1.351453
0.333781,1.500000,1.462392
0.000000,1.500000,1.500000
-0.333781,1.500000,1.462392
-0.650826,1.500000,1.351453
-0.935235,1.500000,1.172747
-1.172747,1.500000,0.935235
-1.351453,1.500000,0.650826
-1.462392,1.500000,0.333781
-1.500000,1.500000,0.000000
-1.462392,1.500000,-0.333781
-1.351453,1.500000,-0.650826
-1.172747,1.500000,-0.935235
-0.935235,1.500000,-1.172747
-0.650826,1.500000,-1.351453
-0.333781,1.500000,-1.462392
-0.000000,1.500000,-1.500000
0.333781,1.500000,-1.462392
0.650826,1.500000,-1.351453
0.935235,1.500000,-1.172747
1.172747,1.500000,-0.935235
1.351453,1.500000,-0.650826
1.462392,1.500000,-0.333781
1.477212,1.239528,0.000000
1.440175,1.239528,0.328711
1.330922,1.239528,0.640938
1.154931,1.239528,0.921026
0.921026,1.239528,1.154931
0.640938,1.239528,1.330922
0.328711,1.239528,1.440175
0.000000,1.239528,1.477212
-0.328711,1.239528,1.440175
-0.640938,1.239528,1.330922
-0.921026,1.239528,1.154931
-1.154931,1.239528,0.921026
-1.330922,1.239528,0.640938
-1.440175,1.239528,0.328711
-1.477212,1.239528,0.000000
-1.440175,1.239528,-0.328711
-1.330922,1.239528,-0.640938
-1.154931,1.239528,-0.921026
-0.921026,1.239528,-1.154931
-0.640938,1.239528,-1.330922
-0.328711,1.239528,-1.440175
-0.000000,1.239528,-1.477212
0.328711,1.239528,-1.440175
0.640938,1.239528,-1.330922
0.921026,1.239528,-1.154931
1.154931,1.239528,-0.921026
1.330922,1.239528,-0.640938
1.440175,1.239528,-0.328711
1.409539,0.986970,0.000000
1.374199,0.986970,0.313652
1.269951,0.986970,0.611576
1.102022,0.986970,0.878833
0.878833,0.986970,1.102022
0.611576,0.986970,1.269951
0.313652,0.986970,1.374199
0.000000,0.986970,1.409539
-0.313652,0.986970,1.374199
-0.611576,0.986970,1.269951
-0.878833,0.986970,1.102022
-1.102022,0.986970,0.878833
-1.269951,0.986970,0.611576
-1.374199,0.986970,0.313652
-1.409539,0.986970,0.000000
-1.374199,0.986970,-0.313652
-1.269951,0.986970,-0.611576
-1.102022,0.986970,-0.878833
-0.878833,0.986970,-1.102022
-0.611576,0.986970,-1.269951
-0.313652,0.986970,-1.374199
-0.000000,0.986970,-1.409539
0.313652,0.986970,-1.374199
0.611576,0.986970,-1.269951
0.878833,0.986970,-1.102022
1.102022,0.986970,-0.878833
1.269951,0.986970,-0.611576
1.374199,0.986970,-0.313652
1.299038,0.750000,0.000000
1.266469,0.750000,0.289063
1.170393,0.750000,0.563632
1.015629,0.750000,0.809937
0.809937,0.750000,1.015629
0.563632,0.750000,1.170393
0.289063,0.750000,1.266469
0.000000,0.750000,1.299038
-0.289063,0.750000,1.266469
-0.563632,0.750000,1.170393
-0.809937,0.750000,1.015629
-1.015629,0.750000,0.809937
-1.170393,0.750000,0.563632
-1.266469,0.750000,0.289063
-1.299038,0.750000,0.000000
-1.266469,0.750000,-0.289063
-1.170393,0.750000,-0.563632
-1.015629,0.750000,-0.809937
-0.809937,0.750000,-1.015629
-0.563632,0.750000,-1.170393
-0.289063,0.750000,-1.266469
-0.000000,0.750000,-1.299038
0.289063,0.750000,-1.266469
0.563632,0.750000,-1.170393
0.809937,0.750000,-1.015629
1.015629,0.750000,-0.809937
1.170393,0.750000,-0.563632
1.266469,0.750000,-0.289063
1.149067,0.535819,0.000000
1.120257,0.535819,0.255691
1.035273,0.535819,0.498561
0.898376,0.535819,0.716431
0.716431,0.535819,0.898376
0.498561,0.535819,1.035273
0.255691,0.535819,1.120257
0.000000,0.535819,1.149067
-0.255691,0.535819,1.120257
-0.498561,0.535819,1.035273
-0.716431,0.535819,0.898376
-0.898376,0.535819,0.716431
-1.035273,0.535819,0.498561
-1.120257,0.535819,0.255691
-1.149067,0.535819,0.000000
-1.120257,0.535819,-0.255691
-1.035273,0.535819,-0.498561
-0.898376,0.535819,-0.716431
-0.716431,0.535819,-0.898376
-0.498561,0.535819,-1.035273
-0.255691,0.535819,-1.120257
-0.000000,0.535819,-1.149067
0.255691,0.535819,-1.120257
0.498561,0.535819,-1.035273
0.716431,0.535819,-0.898376
0.898376,0.535819,-0.716431
1.035273,0.535819,-0.498561
1.120257,0.535819,-0.255691
0.964181,0.350933,0.000000
0.940007,0.350933,0.214551
0.868697,0.350933,0.418343
0.753827,0.350933,0.601157
0.601157,0.350933,0.753827
0.418343,0.350933,0.868697
0.214551,0.350933,0.940007
0.000000,0.350933,0.964181
-0.214551,0.350933,0.940007
-0.418343,0.350933,0.868697
-0.601157,0.350933,0.753827
-0.753827,0.350933,0.601157
-0.868697,0.350933,0.418343
-0.940007,0.350933,0.214551
-0.964181,0.350933,0.000000
-0.940007,0.350933,-0.214551
-0.868697,0.350933,-0.418343
-0.753827,0.350933,-0.601157
-0.601157,0.350933,-0.753827
-0.418343,0.350933,-0.868697
-0.214551,0.350933,-0.940007
-0.000000,0.350933,-0.964181
0.214551,0.350933,-0.940007
0.418343,0.350933,-0.868697
0.601157,0.350933,-0.753827
0.753827,0.350933,-0.601157
0.868697,0.350933,-0.418343
0.940007,0.350933,-0.214551
0.750000,0.200962,0.000000
0.731196,0.200962,0.166891
0.675727,0.200962,0.325413
0.586374,0.200962,0.467617
0.467617,0.200962,0.586374
0.325413,0.200962,0.675727
0.166891,0.200962,0.731196
0.000000,0.200962,0.750000
-0.166891,0.200962,0.731196
-0.325413,0.200962,0.675727
-0.467617,0.200962,0.586374
-0.586374,0.200962,0.467617
-0.675727,0.200962,0.325413
-0.731196,0.200962,0.166891
-0.750000,0.200962,0.000000
-0.731196,0.200962,-0.166891
-0.675727,0.200962,-0.325413
-0.586374,0.200962,-0.467617
-0.467617,0.200962,-0.586374
-0.325413,0.200962,-0.675727
-0.166891,0.200962,-0.731196
-0.000000,0.200962,-0.750000
0.166891,0.200962,-0.731196
0.325413,0.200962,-0.675727
0.467617,0.200962,-0.586374
0.586374,0.200962,-0.467617
0.675727,0.200962,-0.325413
0.731196,0.200962,-0.166891
0.513030,0.090461,0.000000
0.500167,0.090461,0.114160
0.462224,0.090461,0.222595
0.401103,0.090461,0.319869
0.319869,0.090461,0.401103
0.222595,0.090461,0.462224
0.114160,0.090461,0.500167
0.000000,0.090461,0.513030
-0.114160,0.090461,0.500167
-0.222595,0.090461,0.462224
-0.319869,0.090461,0.401103
-0.401103,0.090461,0.319869
-0.462224,0.090461,0.222595
-0.500167,0.090461,0.114160
-0.513030,0.090461,0.000000
-0.500167,0.090461,-0.114160
-0.462224,0.090461,-0.222595
-0.401103,0.090461,-0.319869
-0.319869,0.090461,-0.401103
-0.222595,0.090461,-0.462224
-0.114160,0.090461,-0.500167
-0.000000,0.090461,-0.513030
0.114160,0.090461,-0.500167
0.222595,0.090461,-0.462224
0.319869,0.090461,-0.401103
0.401103,0.090461,-0.319869
0.462224,0.090461,-0.222595
0.500167,0.090461,-0.114160
0.260472,0.022788,0.000000
0.253942,0.022788,0.057961
0.234677,0.022788,0.113015
0.203645,0.022788,0.162402
0.162402,0.022788,0.203645
0.113015,0.022788,0.234677
0.057961,0.022788,0.253942
0.000000,0.022788,0.260472
-0.057961,0.022788,0.253942
-0.113015,0.022788,0.234677
-0.162402,0.022788,0.203645
-0.203645,0.022788,0.162402
-0.234677,0.022788,0.113015
-0.253942,0.022788,0.057961
-0.260472,0.022788,0.000000
-0.253942,0.022788,-0.057961
-0.234677,0.022788,-0.113015
-0.203645,0.022788,-0.162402
-0.162402,0.022788,-0.203645
-0.113015,0.022788,-0.234677
-0.057961,0.022788,-0.253942
-0.000000,0.022788,-0.260472
0.057961,0.022788,-0.253942
0.113015,0.022788,-0.234677
0.162402,0.022788,-0.203645
0.203645,0.022788,-0.162402
0.234677,0.022788,-0.113015
0.253942,0.022788,-0.057961
0.000000,0.000000,0.000000
0.000000,2.950000,0.000000
0.000000,3.300000,0.000000
0.950000,2.950000,0.000000
0.917630,2.950000,-0.245878
0.822724,2.950000,-0.475000
0.671751,2.950000,-0.671751
0.475000,2.950000,-0.822724
0.245878,2.950000,-0.917630
0.000000,2.950000,-0.950000
-0.245878,2.950000,-0.917630
-0.475000,2.950000,-0.822724
-0.671751,2.950000,-0.671751
-0.822724,2.950000,-0.475000
-0.917630,2.950000,-0.245878
-0.950000,2.950000,-0.000000
-0.917630,2.950000,0.245878
-0.822724,2.950000,0.475000
-0.671751,2.950000,0.671751
-0.475000,2.950000,0.822724
-0.245878,2.950000,0.917630
-0.000000,2.950000,0.950000
0.245878,2.950000,0.917630
0.475000,2.950000,0.822724
0.671751,2.950000,0.671751
0.822724,2.950000,0.475000
0.917630,2.950000,0.245878
0.750000,3.300000,0.000000
0.724444,3.300000,-0.194114
0.649519,3.300000,-0.375000
0.530330,3.300000,-0.530330
0.375000,3.300000,-0.649519
0.194114,3.300000,-0.724444
0.000000,3.300000,-0.750000
-0.194114,3.300000,-0.724444
-0.375000,3.300000,-0.649519
-0.530330,3.300000,-0.530330
-0.649519,3.300000,-0.375000
-0.724444,3.300000,-0.194114
-0.750000,3.300000,-0.000000
-0.724444,3.300000,0.194114
-0.649519,3.300000,0.375000
-0.530330,3.300000,0.530330
-0.375000,3.300000,0.649519
-0.194114,3.300000,0.724444
-0.000000,3.300000,0.750000
0.194114,3.300000,0.724444
0.375000,3.300000,0.649519
0.530330,3.300000,0.530330
0.649519,3.300000,0.375000
0.724444,3.300000,0.194114
0.000000,3.520000,0.000000
0.065056,3.507060,0.000000
0.056340,3.507060,0.032528
0.032528,3.507060,0.056340
0.000000,3.507060,0.065056
-0.032528,3.507060,0.056340
-0.056340,3.507060,0.032528
-0.065056,3.507060,0.000000
-0.056340,3.507060,-0.032528
-0.032528,3.507060,-0.056340
-0.000000,3.507060,-0.065056
0.032528,3.507060,-0.056340
0.056340,3.507060,-0.032528
0.120208,3.470208,0.000000
0.104103,3.470208,0.060104
0.060104,3.470208,0.104103
0.000000,3.470208,0.120208
-0.060104,3.470208,0.104103
-0.104103,3.470208,0.060104
-0.120208,3.470208,0.000000
-0.104103,3.470208,-0.060104
-0.060104,3.470208,-0.104103
-0.000000,3.470208,-0.120208
0.060104,3.470208,-0.104103
0.104103,3.470208,-0.060104
0.157060,3.415056,0.000000
0.136018,3.415056,0.078530
0.078530,3.415056,0.136018
0.000000,3.415056,0.157060
-0.078530,3.415056,0.136018
-0.136018,3.415056,0.078530
-0.157060,3.415056,0.000000
-0.136018,3.415056,-0.078530
-0.078530,3.415056,-0.136018
-0.000000,3.415056,-0.157060
0.078530,3.415056,-0.136018
0.136018,3.415056,-0.078530
0.170000,3.350000,0.000000
0.147224,3.350000,0.085000
0.085000,3.350000,0.147224
0.000000,3.350000,0.170000
-0.085000,3.350000,0.147224
-0.147224,3.350000,0.085000
-0.170000,3.350000,0.000000
-0.147224,3.350000,-0.085000
-0.085000,3.350000,-0.147224
-0.000000,3.350000,-0.170000
0.085000,3.350000,-0.147224
0.147224,3.350000,-0.085000
0.157060,3.284944,0.000000
0.136018,3.284944,0.078530
0.078530,3.284944,0.136018
0.000000,3.284944,0.157060
-0.078530,3.284944,0.136018
-0.136018,3.284944,0.078530
-0.157060,3.284944,0.000000
-0.136018,3.284944,-0.078530
-0.078530,3.284944,-0.136018
-0.000000,3.284944,-0.157060
0.078530,3.284944,-0.136018
0.136018,3.284944,-0.078530
0.120208,3.229792,0.000000
0.104103,3.229792,0.060104
0.060104,3.229792,0.104103
0.000000,3.229792,0.120208
-0.060104,3.229792,0.104103
-0.104103,3.229792,0.060104
-0.120208,3.229792,0.000000
-0.104103,3.229792,-0.060104
-0.060104,3.229792,-0.104103
-0.000000,3.229792,-0.120208
0.060104,3.229792,-0.104103
0.104103,3.229792,-0.060104
0.065056,3.192940,0.000000
0.056340,3.192940,0.032528
0.032528,3.192940,0.056340
0.000000,3.192940,0.065056
-0.032528,3.192940,0.056340
-0.056340,3.192940,0.032528
-0.065056,3.192940,0.000000
-0.056340,3.192940,-0.032528
-0.032528,3.192940,-0.056340
-0.000000,3.192940,-0.065056
0.032528,3.192940,-0.056340
0.056340,3.192940,-0.032528
0.000000,3.180000,0.000000
-0.750000,4.910000,0.000000
-0.688771,4.897821,0.000000
-0.696974,4.897821,0.030615
-0.719385,4.897821,0.053026
-0.750000,4.897821,0.061229
-0.780615,4.897821,0.053026
-0.803026,4.897821,0.030615
-0.811229,4.897821,0.000000
-0.803026,4.897821,-0.030615
-0.780615,4.897821,-0.053026
-0.750000,4.897821,-0.061229
-0.719385,4.897821,-0.053026
-0.696974,4.897821,-0.030615
-0.636863,4.863137,0.000000
-0.652020,4.863137,0.056569
-0.693431,4.863137,0.097980
-0.750000,4.863137,0.113137
-0.806569,4.863137,0.097980
-0.847980,4.863137,0.056569
-0.863137,4.863137,0.000000
-0.847980,4.863137,-0.056569
-0.806569,4.863137,-0.097980
-0.750000,4.863137,-0.113137
-0.693431,4.863137,-0.097980
-0.652020,4.863137,-0.056569
-0.602179,4.811229,0.000000
-0.621983,4.811229,0.073910
-0.676090,4.811229,0.128017
-0.750000,4.811229,0.147821
-0.823910,4.811229,0.128017
-0.878017,4.811229,0.073910
-0.897821,4.811229,0.000000
-0.878017,4.811229,-0.073910
-0.823910,4.811229,-0.128017
-0.750000,4.811229,-0.147821
-0.676090,4.811229,-0.128017
-0.621983,4.811229,-0.073910
-0.590000,4.750000,0.000000
-0.611436,4.750000,0.080000
-0.670000,4.750000,0.138564
-0.750000,4.750000,0.160000
-0.830000,4.750000,0.138564
-0.888564,4.750000,0.080000
-0.910000,4.750000,0.000000
-0.888564,4.750000,-0.080000
-0.830000,4.750000,-0.138564
-0.750000,4.750000,-0.160000
-0.670000,4.750000,-0.138564
-0.611436,4.750000,-0.080000
-0.602179,4.688771,0.000000
-0.621983,4.688771,0.073910
-0.676090,4.688771,0.128017
-0.750000,4.688771,0.147821
-0.823910,4.688771,0.128017
-0.878017,4.688771,0.073910
-0.897821,4.688771,0.000000
-0.878017,4.688771,-0.073910
-0.823910,4.688771,-0.128017
-0.750000,4.688771,-0.147821
-0.676090,4.688771,-0.128017
-0.621983,4.688771,-0.073910
-0.636863,4.636863,0.000000
-0.652020,4.636863,0.056569
-0.693431,4.636863,0.097980
-0.750000,4.636863,0.113137
-0.806569,4.636863,0.097980
-0.847980,4.636863,0.056569
-0.863137,4.636863,0.000000
-0.847980,4.636863,-0.056569
-0.806569,4.636863,-0.097980
-0.750000,4.636863,-0.113137
-0.693431,4.636863,-0.097980
-0.652020,4.636863,-0.056569
-0.688771,4.602179,0.000000
-0.696974,4.602179,0.030615
-0.719385,4.602179,0.053026
-0.750000,4.602179,0.061229
-0.780615,4.602179,0.053026
-0.803026,4.602179,0.030615
-0.811229,4.602179,0.000000
-0.803026,4.602179,-0.030615
-0.780615,4.602179,-0.053026
-0.750000,4.602179,-0.061229
-0.719385,4.602179,-0.053026
-0.696974,4.602179,-0.030615
-0.750000,4.590000,0.000000
0.650000,5.710000,0.000000
0.711229,5.697821,0.000000
0.703026,5.697821,0.030615
0.680615,5.697821,0.053026
0.650000,5.697821,0.061229
0.619385,5.697821,0.053026
0.596974,5.697821,0.030615
0.588771,5.697821,0.000000
0.596974,5.697821,-0.030615
0.619385,5.697821,-0.053026
0.650000,5.697821,-0.061229
0.680615,5.697821,-0.053026
0.703026,5.697821,-0.030615
0.763137,5.663137,0.000000
0.747980,5.663137,0.056569
0.706569,5.663137,0.097980
0.650000,5.663137,0.113137
0.593431,5.663137,0.097980
0.552020,5.663137,0.056569
0.536863,5.663137,0.000000
0.552020,5.663137,-0.056569
0.593431,5.663137,-0.097980
0.650000,5.663137,-0.113137
0.706569,5.663137,-0.097980
0.747980,5.663137,-0.056569
0.797821,5.611229,0.000000
0.778017,5.611229,0.073910
0.723910,5.611229,0.128017
0.650000,5.611229,0.147821
0.576090,5.611229,0.128017
0.521983,5.611229,0.073910
0.502179,5.611229,0.000000
0.521983,5.611229,-0.073910
0.576090,5.611229,-0.128017
0.650000,5.611229,-0.147821
0.723910,5.611229,-0.128017
0.778017,5.611229,-0.073910
0.810000,5.550000,0.000000
0.788564,5.550000,0.080000
0.730000,5.550000,0.138564
0.650000,5.550000,0.160000
0.570000,5.550000,0.138564
0.511436,5.550000,0.080000
0.490000,5.550000,0.000000
0.511436,5.550000,-0.080000
0.570000,5.550000,-0.138564
0.650000,5.550000,-0.160000
0.730000,5.550000,-0.138564
0.788564,5.550000,-0.080000
0.797821,5.488771,0.000000
0.778017,5.488771,0.073910
0.723910,5.488771,0.128017
0.650000,5.488771,0.147821
0.576090,5.488771,0.128017
0.521983,5.488771,0.073910
0.502179,5.488771,0.000000
0.521983,5.488771,-0.073910
0.576090,5.488771,-0.128017
0.650000,5.488771,-0.147821
0.723910,5.488771,-0.128017
0.778017,5.488771,-0.073910
0.763137,5.436863,0.000000
0.747980,5.436863,0.056569
0.706569,5.436863,0.097980
0.650000,5.436863,0.113137
0.593431,5.436863,0.097980
0.552020,5.436863,0.056569
0.536863,5.436863,0.000000
0.552020,5.436863,-0.056569
0.593431,5.436863,-0.097980
0.650000,5.436863,-0.113137
0.706569,5.436863,-0.097980
0.747980,5.436863,-0.056569
0.711229,5.402179,0.000000
0.703026,5.402179,0.030615
0.680615,5.402179,0.053026
0.650000,5.402179,0.061229
0.619385,5.402179,0.053026
0.596974,5.402179,0.030615
0.588771,5.402179,0.000000
0.596974,5.402179,-0.030615
0.619385,5.402179,-0.053026
0.650000,5.402179,-0.061229
0.680615,5.402179,-0.053026
0.703026,5.402179,-0.030615
0.650000,5.390000,0.000000
0.000000,3.350000,0.000000
-0.750000,4.750000,0.000000
0.079333,3.392500,0.000000
0.071477,3.388291,-0.039050
0.049463,3.376498,-0.070365
0.017653,3.359457,-0.087744
-0.017653,3.340543,-0.087744
-0.049463,3.323502,-0.070365
-0.071477,3.311709,-0.039050
-0.079333,3.307500,-0.000000
-0.071477,3.311709,0.039050
-0.049463,3.323502,0.070365
-0.017653,3.340543,0.087744
0.017653,3.359457,0.087744
0.049463,3.376498,0.070365
0.071477,3.388291,0.039050
-0.670667,4.792500,0.000000
-0.678523,4.788291,-0.039050
-0.700537,4.776498,-0.070365
-0.732347,4.759457,-0.087744
-0.767653,4.740543,-0.087744
-0.799463,4.723502,-0.070365
-0.821477,4.711709,-0.039050
-0.829333,4.707500,-0.000000
-0.821477,4.711709,0.039050
-0.799463,4.723502,0.070365
-0.767653,4.740543,0.087744
-0.732347,4.759457,0.087744
-0.700537,4.776498,0.070365
-0.678523,4.788291,0.039050
-0.750000,4.750000,0.000000
0.650000,5.550000,0.000000
-0.705347,4.671858,0.000000
-0.709769,4.679597,-0.039050
-0.722160,4.701279,-0.070365
-0.740064,4.732612,-0.087744
-0.759936,4.767388,-0.087744
-0.777840,4.798721,-0.070365
-0.790231,4.820403,-0.039050
-0.794653,4.828142,-0.000000
-0.790231,4.820403,0.039050
-0.777840,4.798721,0.070365
-0.759936,4.767388,0.087744
-0.740064,4.732612,0.087744
-0.722160,4.701279,0.070365
-0.709769,4.679597,0.039050
0.694653,5.471858,0.000000
0.690231,5.479597,-0.039050
0.677840,5.501279,-0.070365
0.659936,5.532612,-0.087744
0.640064,5.567388,-0.087744
0.622160,5.598721,-0.070365
0.609769,5.620403,-0.039050
0.605347,5.628142,-0.000000
0.609769,5.620403,0.039050
0.622160,5.598721,0.070365
0.640064,5.567388,0.087744
0.659936,5.532612,0.087744
0.677840,5.501279,0.070365
0.690231,5.479597,0.039050
0.729395,5.460019,0.000000
1.344703,4.762670,0.000000
0.609421,5.354160,0.000000
0.613509,5.357767,-0.041411
0.625494,5.368342,-0.080000
0.644560,5.385166,-0.113137
0.669408,5.407090,-0.138564
0.698343,5.432621,-0.154548
0.729395,5.460019,-0.160000
0.760446,5.487418,-0.154548
0.789382,5.512949,-0.138564
0.814229,5.534873,-0.113137
0.833295,5.551696,-0.080000
0.845281,5.562272,-0.041411
0.849369,5.565879,-0.000000
0.845281,5.562272,0.041411
0.833295,5.551696,0.080000
0.814229,5.534873,0.113137
0.789382,5.512949,0.138564
0.760446,5.487418,0.154548
0.729395,5.460019,0.160000
0.698343,5.432621,0.154548
0.669408,5.407090,0.138564
0.644560,5.385166,0.113137
0.625494,5.368342,0.080000
0.613509,5.357767,0.041411
0.879803,4.352465,0.000000
0.895644,4.366442,-0.160468
0.942088,4.407422,-0.310000
1.015969,4.472611,-0.438406
1.112253,4.557568,-0.536936
1.224378,4.656501,-0.598874
1.344703,4.762670,-0.620000
1.465028,4.868839,-0.598874
1.577152,4.967773,-0.536936
1.673436,5.052729,-0.438406
1.747317,5.117919,-0.310000
1.793761,5.158898,-0.160468
1.809602,5.172876,-0.000000
1.793761,5.158898,0.160468
1.747317,5.117919,0.310000
1.673436,5.052729,0.438406
1.577152,4.967773,0.536936
1.465028,4.868839,0.598874
1.344703,4.762670,0.620000
1.224378,4.656501,0.598874
1.112253,4.557568,0.536936
1.015969,4.472611,0.438406
0.942088,4.407422,0.310000
0.895644,4.366442,0.160468
