id,x,y,z
1,3.200000,0.000000,0.000000
2,3.165926,0.258819,0.000000
3,3.066025,0.500000,0.000000
4,2.907107,0.707107,0.000000
5,2.700000,0.866025,0.000000
6,2.458819,0.965926,0.000000
7,2.200000,1.000000,0.000000
8,1.941181,0.965926,0.000000
9,1.700000,0.866025,0.000000
10,1.492893,0.707107,0.000000
11,1.333975,0.500000,0.000000
12,1.234074,0.258819,0.000000
13,1.200000,0.000000,0.000000
14,1.234074,-0.258819,0.000000
15,1.333975,-0.500000,0.000000
16,1.492893,-0.707107,0.000000
17,1.700000,-0.866025,0.000000
18,1.941181,-0.965926,0.000000
19,2.200000,-1.000000,0.000000
20,2.458819,-0.965926,0.000000
21,2.700000,-0.866025,0.000000
22,2.907107,-0.707107,0.000000
23,3.066025,-0.500000,0.000000
24,3.165926,-0.258819,0.000000
25,3.172624,0.000000,0.417684
26,3.138841,0.258819,0.413236
27,3.039795,0.500000,0.400197
28,2.882236,0.707107,0.379454
29,2.676901,0.866025,0.352421
30,2.437784,0.965926,0.320940
31,2.181179,1.000000,0.287158
32,1.924574,0.965926,0.253375
33,1.685456,0.866025,0.221895
34,1.480121,0.707107,0.194862
35,1.322562,0.500000,0.174119
36,1.223516,0.258819,0.161079
37,1.189734,0.000000,0.156631
38,1.223516,-0.258819,0.161079
39,1.322562,-0.500000,0.174119
40,1.480121,-0.707107,0.194862
41,1.685456,-0.866025,0.221895
42,1.924574,-0.965926,0.253375
43,2.181179,-1.000000,0.287158
44,2.437784,-0.965926,0.320940
45,2.676901,-0.866025,0.352421
46,2.882236,-0.707107,0.379454
47,3.039795,-0.500000,0.400197
48,3.138841,-0.258819,0.413236
49,3.090963,0.000000,0.828221
50,3.058050,0.258819,0.819402
51,2.961553,0.500000,0.793546
52,2.808050,0.707107,0.752415
53,2.608000,0.866025,0.698811
54,2.375037,0.965926,0.636389
55,2.125037,1.000000,0.569402
56,1.875037,0.965926,0.502415
57,1.642074,0.866025,0.439992
58,1.442024,0.707107,0.386389
59,1.288521,0.500000,0.345258
60,1.192024,0.258819,0.319402
61,1.159111,0.000000,0.310583
62,1.192024,-0.258819,0.319402
63,1.288521,-0.500000,0.345258
64,1.442024,-0.707107,0.386389
65,1.642074,-0.866025,0.439992
66,1.875037,-0.965926,0.502415
67,2.125037,-1.000000,0.569402
68,2.375037,-0.965926,0.636389
69,2.608000,-0.866025,0.698811
70,2.808050,-0.707107,0.752415
71,2.961553,-0.500000,0.793546
72,3.058050,-0.258819,0.819402
73,2.956415,0.000000,1.224587
74,2.924934,0.258819,1.211547
75,2.832638,0.500000,1.173317
76,2.685816,0.707107,1.112502
77,2.494475,0.866025,1.033245
78,2.271653,0.965926,0.940949
79,2.032535,1.000000,0.841904
80,1.793417,0.965926,0.742858
81,1.570595,0.866025,0.650562
82,1.379253,0.707107,0.571306
83,1.232432,0.500000,0.510490
84,1.140136,0.258819,0.472260
85,1.108655,0.000000,0.459220
86,1.140136,-0.258819,0.472260
87,1.232432,-0.500000,0.510490
88,1.379253,-0.707107,0.571306
89,1.570595,-0.866025,0.650562
90,1.793417,-0.965926,0.742858
91,2.032535,-1.000000,0.841904
92,2.271653,-0.965926,0.940949
93,2.494475,-0.866025,1.033245
94,2.685816,-0.707107,1.112502
95,2.832638,-0.500000,1.173317
96,2.924934,-0.258819,1.211547
97,2.771281,0.000000,1.600000
98,2.741772,0.258819,1.582963
99,2.655256,0.500000,1.533013
100,2.517628,0.707107,1.453553
101,2.338269,0.866025,1.350000
102,2.129400,0.965926,1.229410
103,1.905256,1.000000,1.100000
104,1.681112,0.965926,0.970590
105,1.472243,0.866025,0.850000
106,1.292883,0.707107,0.746447
107,1.155256,0.500000,0.666987
108,1.068740,0.258819,0.617037
109,1.039230,0.000000,0.600000
110,1.068740,-0.258819,0.617037
111,1.155256,-0.500000,0.666987
112,1.292883,-0.707107,0.746447
113,1.472243,-0.866025,0.850000
114,1.681112,-0.965926,0.970590
115,1.905256,-1.000000,1.100000
116,2.129400,-0.965926,1.229410
117,2.338269,-0.866025,1.350000
118,2.517628,-0.707107,1.453553
119,2.655256,-0.500000,1.533013
120,2.741772,-0.258819,1.582963
121,2.538731,0.000000,1.948037
122,2.511698,0.258819,1.927294
123,2.432441,0.500000,1.866478
124,2.306363,0.707107,1.769734
125,2.142054,0.866025,1.643656
126,1.950712,0.965926,1.496834
127,1.745377,1.000000,1.339275
128,1.540042,0.965926,1.181716
129,1.348701,0.866025,1.034894
130,1.184392,0.707107,0.908816
131,1.058313,0.500000,0.812072
132,0.979057,0.258819,0.751257
133,0.952024,0.000000,0.730514
134,0.979057,-0.258819,0.751257
135,1.058313,-0.500000,0.812072
136,1.184392,-0.707107,0.908816
137,1.348701,-0.866025,1.034894
138,1.540042,-0.965926,1.181716
139,1.745377,-1.000000,1.339275
140,1.950712,-0.965926,1.496834
141,2.142054,-0.866025,1.643656
142,2.306363,-0.707107,1.769734
143,2.432441,-0.500000,1.866478
144,2.511698,-0.258819,1.927294
145,2.262742,0.000000,2.262742
146,2.238648,0.258819,2.238648
147,2.168007,0.500000,2.168007
148,2.055635,0.707107,2.055635
149,1.909188,0.866025,1.909188
150,1.738648,0.965926,1.738648
151,1.555635,1.000000,1.555635
152,1.372622,0.965926,1.372622
153,1.202082,0.866025,1.202082
154,1.055635,0.707107,1.055635
155,0.943262,0.500000,0.943262
156,0.872622,0.258819,0.872622
157,0.848528,0.000000,0.848528
158,0.872622,-0.258819,0.872622
159,0.943262,-0.500000,0.943262
160,1.055635,-0.707107,1.055635
161,1.202082,-0.866025,1.202082
162,1.372622,-0.965926,1.372622
163,1.555635,-1.000000,1.555635
164,1.738648,-0.965926,1.738648
165,1.909188,-0.866025,1.909188
166,2.055635,-0.707107,2.055635
167,2.168007,-0.500000,2.168007
168,2.238648,-0.258819,2.238648
169,1.948037,0.000000,2.538731
170,1.927294,0.258819,2.511698
171,1.866478,0.500000,2.432441
172,1.769734,0.707107,2.306363
173,1.643656,0.866025,2.142054
174,1.496834,0.965926,1.950712
175,1.339275,1.000000,1.745377
176,1.181716,0.965926,1.540042
177,1.034894,0.866025,1.348701
178,0.908816,0.707107,1.184392
179,0.812072,0.500000,1.058313
180,0.751257,0.258819,0.979057
181,0.730514,0.000000,0.952024
182,0.751257,-0.258819,0.979057
183,0.812072,-0.500000,1.058313
184,0.908816,-0.707107,1.184392
185,1.034894,-0.866025,1.348701
186,1.181716,-0.965926,1.540042
187,1.339275,-1.000000,1.745377
188,1.496834,-0.965926,1.950712
189,1.643656,-0.866025,2.142054
190,1.769734,-0.707107,2.306363
191,1.866478,-0.500000,2.432441
192,1.927294,-0.258819,2.511698
193,1.600000,0.000000,2.771281
194,1.582963,0.258819,2.741772
195,1.533013,0.500000,2.655256
196,1.453553,0.707107,2.517628
197,1.350000,0.866025,2.338269
198,1.229410,0.965926,2.129400
199,1.100000,1.000000,1.905256
200,0.970590,0.965926,1.681112
201,0.850000,0.866025,1.472243
202,0.746447,0.707107,1.292883
203,0.666987,0.500000,1.155256
204,0.617037,0.258819,1.068740
205,0.600000,0.000000,1.039230
206,0.617037,-0.258819,1.068740
207,0.666987,-0.500000,1.155256
208,0.746447,-0.707107,1.292883
209,0.850000,-0.866025,1.472243
210,0.970590,-0.965926,1.681112
211,1.100000,-1.000000,1.905256
212,1.229410,-0.965926,2.129400
213,1.350000,-0.866025,2.338269
214,1.453553,-0.707107,2.517628
215,1.533013,-0.500000,2.655256
216,1.582963,-0.258819,2.741772
217,1.224587,0.000000,2.956415
218,1.211547,0.258819,2.924934
219,1.173317,0.500000,2.832638
220,1.112502,0.707107,2.685816
221,1.033245,0.866025,2.494475
222,0.940949,0.965926,2.271653
223,0.841904,1.000000,2.032535
224,0.742858,0.965926,1.793417
225,0.650562,0.866025,1.570595
226,0.571306,0.707107,1.379253
227,0.510490,0.500000,1.232432
228,0.472260,0.258819,1.140136
229,0.459220,0.000000,1.108655
230,0.472260,-0.258819,1.140136
231,0.510490,-0.500000,1.232432
232,0.571306,-0.707107,1.379253
233,0.650562,-0.866025,1.570595
234,0.742858,-0.965926,1.793417
235,0.841904,-1.000000,2.032535
236,0.940949,-0.965926,2.271653
237,1.033245,-0.866025,2.494475
238,1.112502,-0.707107,2.685816
239,1.173317,-0.500000,2.832638
240,1.211547,-0.258819,2.924934
241,0.828221,0.000000,3.090963
242,0.819402,0.258819,3.058050
243,0.793546,0.500000,2.961553
244,0.752415,0.707107,2.808050
245,0.698811,0.866025,2.608000
246,0.636389,0.965926,2.375037
247,0.569402,1.000000,2.125037
248,0.502415,0.965926,1.875037
249,0.439992,0.866025,1.642074
250,0.386389,0.707107,1.442024
251,0.345258,0.500000,1.288521
252,0.319402,0.258819,1.192024
253,0.310583,0.000000,1.159111
254,0.319402,-0.258819,1.192024
255,0.345258,-0.500000,1.288521
256,0.386389,-0.707107,1.442024
257,0.439992,-0.866025,1.642074
258,0.502415,-0.965926,1.875037
259,0.569402,-1.000000,2.125037
260,0.636389,-0.965926,2.375037
261,0.698811,-0.866025,2.608000
262,0.752415,-0.707107,2.808050
263,0.793546,-0.500000,2.961553
264,0.819402,-0.258819,3.058050
265,0.417684,0.000000,3.172624
266,0.413236,0.258819,3.138841
267,0.400197,0.500000,3.039795
268,0.379454,0.707107,2.882236
269,0.352421,0.866025,2.676901
270,0.320940,0.965926,2.437784
271,0.287158,1.000000,2.181179
272,0.253375,0.965926,1.924574
273,0.221895,0.866025,1.685456
274,0.194862,0.707107,1.480121
275,0.174119,0.500000,1.322562
276,0.161079,0.258819,1.223516
277,0.156631,0.000000,1.189734
278,0.161079,-0.258819,1.223516
279,0.174119,-0.500000,1.322562
280,0.194862,-0.707107,1.480121
281,0.221895,-0.866025,1.685456
282,0.253375,-0.965926,1.924574
283,0.287158,-1.000000,2.181179
284,0.320940,-0.965926,2.437784
285,0.352421,-0.866025,2.676901
286,0.379454,-0.707107,2.882236
287,0.400197,-0.500000,3.039795
288,0.413236,-0.258819,3.138841
289,0.000000,0.000000,3.200000
290,0.000000,0.258819,3.165926
291,0.000000,0.500000,3.066025
292,0.000000,0.707107,2.907107
293,0.000000,0.866025,2.700000
294,0.000000,0.965926,2.458819
295,0.000000,1.000000,2.200000
296,0.000000,0.965926,1.941181
297,0.000000,0.866025,1.700000
298,0.000000,0.707107,1.492893
299,0.000000,0.500000,1.333975
300,0.000000,0.258819,1.234074
301,0.000000,0.000000,1.200000
302,0.000000,-0.258819,1.234074
303,0.000000,-0.500000,1.333975
304,0.000000,-0.707107,1.492893
305,0.000000,-0.866025,1.700000
306,0.000000,-0.965926,1.941181
307,0.000000,-1.000000,2.200000
308,0.000000,-0.965926,2.458819
309,0.000000,-0.866025,2.700000
310,0.000000,-0.707107,2.907107
311,0.000000,-0.500000,3.066025
312,0.000000,-0.258819,3.165926
313,-0.417684,0.000000,3.172624
314,-0.413236,0.258819,3.138841
315,-0.400197,0.500000,3.039795
316,-0.379454,0.707107,2.882236
317,-0.352421,0.866025,2.676901
318,-0.320940,0.965926,2.437784
319,-0.287158,1.000000,2.181179
320,-0.253375,0.965926,1.924574
321,-0.221895,0.866025,1.685456
322,-0.194862,0.707107,1.480121
323,-0.174119,0.500000,1.322562
324,-0.161079,0.258819,1.223516
325,-0.156631,0.000000,1.189734
326,-0.161079,-0.258819,1.223516
327,-0.174119,-0.500000,1.322562
328,-0.194862,-0.707107,1.480121
329,-0.221895,-0.866025,1.685456
330,-0.253375,-0.965926,1.924574
331,-0.287158,-1.000000,2.181179
332,-0.320940,-0.965926,2.437784
333,-0.352421,-0.866025,2.676901
334,-0.379454,-0.707107,2.882236
335,-0.400197,-0.500000,3.039795
336,-0.413236,-0.258819,3.138841
337,-0.828221,0.000000,3.090963
338,-0.819402,0.258819,3.058050
339,-0.793546,0.500000,2.961553
340,-0.752415,0.707107,2.808050
341,-0.698811,0.866025,2.608000
342,-0.636389,0.965926,2.375037
343,-0.569402,1.000000,2.125037
344,-0.502415,0.965926,1.875037
345,-0.439992,0.866025,1.642074
346,-0.386389,0.707107,1.442024
347,-0.345258,0.500000,1.288521
348,-0.319402,0.258819,1.192024
349,-0.310583,0.000000,1.159111
350,-0.319402,-0.258819,1.192024
351,-0.345258,-0.500000,1.288521
352,-0.386389,-0.707107,1.442024
353,-0.439992,-0.866025,1.642074
354,-0.502415,-0.965926,1.875037
355,-0.569402,-1.000000,2.125037
356,-0.636389,-0.965926,2.375037
357,-0.698811,-0.866025,2.608000
358,-0.752415,-0.707107,2.808050
359,-0.793546,-0.500000,2.961553
360,-0.819402,-0.258819,3.058050
361,-1.224587,0.000000,2.956415
362,-1.211547,0.258819,2.924934
363,-1.173317,0.500000,2.832638
364,-1.112502,0.707107,2.685816
365,-1.033245,0.866025,2.494475
366,-0.940949,0.965926,2.271653
367,-0.841904,1.000000,2.032535
368,-0.742858,0.965926,1.793417
369,-0.650562,0.866025,1.570595
370,-0.571306,0.707107,1.379253
371,-0.510490,0.500000,1.232432
372,-0.472260,0.258819,1.140136
373,-0.459220,0.000000,1.108655
374,-0.472260,-0.258819,1.140136
375,-0.510490,-0.500000,1.232432
376,-0.571306,-0.707107,1.379253
377,-0.650562,-0.866025,1.570595
378,-0.742858,-0.965926,1.793417
379,-0.841904,-1.000000,2.032535
380,-0.940949,-0.965926,2.271653
381,-1.033245,-0.866025,2.494475
382,-1.112502,-0.707107,2.685816
383,-1.173317,-0.500000,2.832638
384,-1.211547,-0.258819,2.924934
385,-1.600000,0.000000,2.771281
386,-1.582963,0.258819,2.741772
387,-1.533013,0.500000,2.655256
388,-1.453553,0.707107,2.517628
389,-1.350000,0.866025,2.338269
390,-1.229410,0.965926,2.129400
391,-1.100000,1.000000,1.905256
392,-0.970590,0.965926,1.681112
393,-0.850000,0.866025,1.472243
394,-0.746447,0.707107,1.292883
395,-0.666987,0.500000,1.155256
396,-0.617037,0.258819,1.068740
397,-0.600000,0.000000,1.039230
398,-0.617037,-0.258819,1.068740
399,-0.666987,-0.500000,1.155256
400,-0.746447,-0.707107,1.292883
401,-0.850000,-0.866025,1.472243
402,-0.970590,-0.965926,1.681112
403,-1.100000,-1.000000,1.905256
404,-1.229410,-0.965926,2.129400
405,-1.350000,-0.866025,2.338269
406,-1.453553,-0.707107,2.517628
407,-1.533013,-0.500000,2.655256
408,-1.582963,-0.258819,2.741772
409,-1.948037,0.000000,2.538731
410,-1.927294,0.258819,2.511698
411,-1.866478,0.500000,2.432441
412,-1.769734,0.707107,2.306363
413,-1.643656,0.866025,2.142054
414,-1.496834,0.965926,1.950712
415,-1.339275,1.000000,1.745377
416,-1.181716,0.965926,1.540042
417,-1.034894,0.866025,1.348701
418,-0.908816,0.707107,1.184392
419,-0.812072,0.500000,1.058313
420,-0.751257,0.258819,0.979057
421,-0.730514,0.000000,0.952024
422,-0.751257,-0.258819,0.979057
423,-0.812072,-0.500000,1.058313
424,-0.908816,-0.707107,1.184392
425,-1.034894,-0.866025,1.348701
426,-1.181716,-0.965926,1.540042
427,-1.339275,-1.000000,1.745377
428,-1.496834,-0.965926,1.950712
429,-1.643656,-0.866025,2.142054
430,-1.769734,-0.707107,2.306363
431,-1.866478,-0.500000,2.432441
432,-1.927294,-0.258819,2.511698
433,-2.262742,0.000000,2.262742
434,-2.238648,0.258819,2.238648
435,-2.168007,0.500000,2.168007
436,-2.055635,0.707107,2.055635
437,-1.909188,0.866025,1.909188
438,-1.738648,0.965926,1.738648
439,-1.555635,1.000000,1.555635
440,-1.372622,0.965926,1.372622
441,-1.202082,0.866025,1.202082
442,-1.055635,0.707107,1.055635
443,-0.943262,0.500000,0.943262
444,-0.872622,0.258819,0.872622
445,-0.848528,0.000000,0.848528
446,-0.872622,-0.258819,0.872622
447,-0.943262,-0.500000,0.943262
448,-1.055635,-0.707107,1.055635
449,-1.202082,-0.866025,1.202082
450,-1.372622,-0.965926,1.372622
451,-1.555635,-1.000000,1.555635
452,-1.738648,-0.965926,1.738648
453,-1.909188,-0.866025,1.909188
454,-2.055635,-0.707107,2.055635
455,-2.168007,-0.500000,2.168007
456,-2.238648,-0.258819,2.238648
457,-2.538731,0.000000,1.948037
458,-2.511698,0.258819,1.927294
459,-2.432441,0.500000,1.866478
460,-2.306363,0.707107,1.769734
461,-2.142054,0.866025,1.643656
462,-1.950712,0.965926,1.496834
463,-1.745377,1.000000,1.339275
464,-1.540042,0.965926,1.181716
465,-1.348701,0.866025,1.034894
466,-1.184392,0.707107,0.908816
467,-1.058313,0.500000,0.812072
468,-0.979057,0.258819,0.751257
469,-0.952024,0.000000,0.730514
470,-0.979057,-0.258819,0.751257
471,-1.058313,-0.500000,0.812072
472,-1.184392,-0.707107,0.908816
473,-1.348701,-0.866025,1.034894
474,-1.540042,-0.965926,1.181716
475,-1.745377,-1.000000,1.339275
476,-1.950712,-0.965926,1.496834
477,-2.142054,-0.866025,1.643656
478,-2.306363,-0.707107,1.769734
479,-2.432441,-0.500000,1.866478
480,-2.511698,-0.258819,1.927294
481,-2.771281,0.000000,1.600000
482,-2.741772,0.258819,1.582963
483,-2.655256,0.500000,1.533013
484,-2.517628,0.707107,1.453553
485,-2.338269,0.866025,1.350000
486,-2.129400,0.965926,1.229410
487,-1.905256,1.000000,1.100000
488,-1.681112,0.965926,0.970590
489,-1.472243,0.866025,0.850000
490,-1.292883,0.707107,0.746447
491,-1.155256,0.500000,0.666987
492,-1.068740,0.258819,0.617037
493,-1.039230,0.000000,0.600000
494,-1.068740,-0.258819,0.617037
495,-1.155256,-0.500000,0.666987
496,-1.292883,-0.707107,0.746447
497,-1.472243,-0.866025,0.850000
498,-1.681112,-0.965926,0.970590
499,-1.905256,-1.000000,1.100000
500,-2.129400,-0.965926,1.229410
501,-2.338269,-0.866025,1.350000
502,-2.517628,-0.707107,1.453553
503,-2.655256,-0.500000,1.533013
504,-2.741772,-0.258819,1.582963
505,-2.956415,0.000000,1.224587
506,-2.924934,0.258819,1.211547
507,-2.832638,0.500000,1.173317
508,-2.685816,0.707107,1.112502
509,-2.494475,0.866025,1.033245
510,-2.271653,0.965926,0.940949
511,-2.032535,1.000000,0.841904
512,-1.793417,0.965926,0.742858
513,-1.570595,0.866025,0.650562
514,-1.379253,0.707107,0.571306
515,-1.232432,0.500000,0.510490
516,-1.140136,0.258819,0.472260
517,-1.108655,0.000000,0.459220
518,-1.140136,-0.258819,0.472260
519,-1.232432,-0.500000,0.510490
520,-1.379253,-0.707107,0.571306
521,-1.570595,-0.866025,0.650562
522,-1.793417,-0.965926,0.742858
523,-2.032535,-1.000000,0.841904
524,-2.271653,-0.965926,0.940949
525,-2.494475,-0.866025,1.033245
526,-2.685816,-0.707107,1.112502
527,-2.832638,-0.500000,1.173317
528,-2.924934,-0.258819,1.211547
529,-3.090963,0.000000,0.828221
530,-3.058050,0.258819,0.819402
531,-2.961553,0.500000,0.793546
532,-2.808050,0.707107,0.752415
533,-2.608000,0.866025,0.698811
534,-2.375037,0.965926,0.636389
535,-2.125037,1.000000,0.569402
536,-1.875037,0.965926,0.502415
537,-1.642074,0.866025,0.439992
538,-1.442024,0.707107,0.386389
539,-1.288521,0.500000,0.345258
540,-1.192024,0.258819,0.319402
541,-1.159111,0.000000,0.310583
542,-1.192024,-0.258819,0.319402
543,-1.288521,-0.500000,0.345258
544,-1.442024,-0.707107,0.386389
545,-1.642074,-0.866025,0.439992
546,-1.875037,-0.965926,0.502415
547,-2.125037,-1.000000,0.569402
548,-2.375037,-0.965926,0.636389
549,-2.608000,-0.866025,0.698811
550,-2.808050,-0.707107,0.752415
551,-2.961553,-0.500000,0.793546
552,-3.058050,-0.258819,0.819402
553,-3.172624,0.000000,0.417684
554,-3.138841,0.258819,0.413236
555,-3.039795,0.500000,0.400197
556,-2.882236,0.707107,0.379454
557,-2.676901,0.866025,0.352421
558,-2.437784,0.965926,0.320940
559,-2.181179,1.000000,0.287158
560,-1.924574,0.965926,0.253375
561,-1.685456,0.866025,0.221895
562,-1.480121,0.707107,0.194862
563,-1.322562,0.500000,0.174119
564,-1.223516,0.258819,0.161079
565,-1.189734,0.000000,0.156631
566,-1.223516,-0.258819,0.161079
567,-1.322562,-0.500000,0.174119
568,-1.480121,-0.707107,0.194862
569,-1.685456,-0.866025,0.221895
570,-1.924574,-0.965926,0.253375
571,-2.181179,-1.000000,0.287158
572,-2.437784,-0.965926,0.320940
573,-2.676901,-0.866025,0.352421
574,-2.882236,-0.707107,0.379454
575,-3.039795,-0.500000,0.400197
576,-3.138841,-0.258819,0.413236
577,-3.200000,0.000000,0.000000
578,-3.165926,0.258819,0.000000
579,-3.066025,0.500000,0.000000
580,-2.907107,0.707107,0.000000
581,-2.700000,0.866025,0.000000
582,-2.458819,0.965926,0.000000
583,-2.200000,1.000000,0.000000
584,-1.941181,0.965926,0.000000
585,-1.700000,0.866025,0.000000
586,-1.492893,0.707107,0.000000
587,-1.333975,0.500000,0.000000
588,-1.234074,0.258819,0.000000
589,-1.200000,0.000000,0.000000
590,-1.234074,-0.258819,0.000000
591,-1.333975,-0.500000,0.000000
592,-1.492893,-0.707107,0.000000
593,-1.700000,-0.866025,0.000000
594,-1.941181,-0.965926,0.000000
595,-2.200000,-1.000000,0.000000
596,-2.458819,-0.965926,0.000000
597,-2.700000,-0.866025,0.000000
598,-2.907107,-0.707107,0.000000
599,-3.066025,-0.500000,0.000000
600,-3.165926,-0.258819,0.000000
601,-3.172624,0.000000,-0.417684
602,-3.138841,0.258819,-0.413236
603,-3.039795,0.500000,-0.400197
604,-2.882236,0.707107,-0.379454
605,-2.676901,0.866025,-0.352421
606,-2.437784,0.965926,-0.320940
607,-2.181179,1.000000,-0.287158
608,-1.924574,0.965926,-0.253375
609,-1.685456,0.866025,-0.221895
610,-1.480121,0.707107,-0.194862
611,-1.322562,0.500000,-0.174119
612,-1.223516,0.258819,-0.161079
613,-1.189734,0.000000,-0.156631
614,-1.223516,-0.258819,-0.161079
615,-1.322562,-0.500000,-0.174119
616,-1.480121,-0.707107,-0.194862
617,-1.685456,-0.866025,-0.221895
618,-1.924574,-0.965926,-0.253375
619,-2.181179,-1.000000,-0.287158
620,-2.437784,-0.965926,-0.320940
621,-2.676901,-0.866025,-0.352421
622,-2.882236,-0.707107,-0.379454
623,-3.039795,-0.500000,-0.400197
624,-3.138841,-0.258819,-0.413236
625,-3.090963,0.000000,-0.828221
626,-3.058050,0.258819,-0.819402
627,-2.961553,0.500000,-0.793546
628,-2.808050,0.707107,-0.752415
629,-2.608000,0.866025,-0.698811
630,-2.375037,0.965926,-0.636389
631,-2.125037,1.000000,-0.569402
632,-1.875037,0.965926,-0.502415
633,-1.642074,0.866025,-0.439992
634,-1.442024,0.707107,-0.386389
635,-1.288521,0.500000,-0.345258
636,-1.192024,0.258819,-0.319402
637,-1.159111,0.000000,-0.310583
638,-1.192024,-0.258819,-0.319402
639,-1.288521,-0.500000,-0.345258
640,-1.442024,-0.707107,-0.386389
641,-1.642074,-0.866025,-0.439992
642,-1.875037,-0.965926,-0.502415
643,-2.125037,-1.000000,-0.569402
644,-2.375037,-0.965926,-0.636389
645,-2.608000,-0.866025,-0.698811
646,-2.808050,-0.707107,-0.752415
647,-2.961553,-0.500000,-0.793546
648,-3.058050,-0.258819,-0.819402
649,-2.956415,0.000000,-1.224587
650,-2.924934,0.258819,-1.211547
651,-2.832638,0.500000,-1.173317
652,-2.685816,0.707107,-1.112502
653,-2.494475,0.866025,-1.033245
654,-2.271653,0.965926,-0.940949
655,-2.032535,1.000000,-0.841904
656,-1.793417,0.965926,-0.742858
657,-1.570595,0.866025,-0.650562
658,-1.379253,0.707107,-0.571306
659,-1.232432,0.500000,-0.510490
660,-1.140136,0.258819,-0.472260
661,-1.108655,0.000000,-0.459220
662,-1.140136,-0.258819,-0.472260
663,-1.232432,-0.500000,-0.510490
664,-1.379253,-0.707107,-0.571306
665,-1.570595,-0.866025,-0.650562
666,-1.793417,-0.965926,-0.742858
667,-2.032535,-1.000000,-0.841904
668,-2.271653,-0.965926,-0.940949
669,-2.494475,-0.866025,-1.033245
670,-2.685816,-0.707107,-1.112502
671,-2.832638,-0.500000,-1.173317
672,-2.924934,-0.258819,-1.211547
673,-2.771281,0.000000,-1.600000
674,-2.741772,0.258819,-1.582963
675,-2.655256,0.500000,-1.533013
676,-2.517628,0.707107,-1.453553
677,-2.338269,0.866025,-1.350000
678,-2.129400,0.965926,-1.229410
679,-1.905256,1.000000,-1.100000
680,-1.681112,0.965926,-0.970590
681,-1.472243,0.866025,-0.850000
682,-1.292883,0.707107,-0.746447
683,-1.155256,0.500000,-0.666987
684,-1.068740,0.258819,-0.617037
685,-1.039230,0.000000,-0.600000
686,-1.068740,-0.258819,-0.617037
687,-1.155256,-0.500000,-0.666987
688,-1.292883,-0.707107,-0.746447
689,-1.472243,-0.866025,-0.850000
690,-1.681112,-0.965926,-0.970590
691,-1.905256,-1.000000,-1.100000
692,-2.129400,-0.965926,-1.229410
693,-2.338269,-0.866025,-1.350000
694,-2.517628,-0.707107,-1.453553
695,-2.655256,-0.500000,-1.533013
696,-2.741772,-0.258819,-1.582963
697,-2.538731,0.000000,-1.948037
698,-2.511698,0.258819,-1.927294
699,-2.432441,0.500000,-1.866478
700,-2.306363,0.707107,-1.769734
701,-2.142054,0.866025,-1.643656
702,-1.950712,0.965926,-1.496834
703,-1.745377,1.000000,-1.339275
704,-1.540042,0.965926,-1.181716
705,-1.348701,0.866025,-1.034894
706,-1.184392,0.707107,-0.908816
707,-1.058313,0.500000,-0.812072
708,-0.979057,0.258819,-0.751257
709,-0.952024,0.000000,-0.730514
710,-0.979057,-0.258819,-0.751257
711,-1.058313,-0.500000,-0.812072
712,-1.184392,-0.707107,-0.908816
713,-1.348701,-0.866025,-1.034894
714,-1.540042,-0.965926,-1.181716
715,-1.745377,-1.000000,-1.339275
716,-1.950712,-0.965926,-1.496834
717,-2.142054,-0.866025,-1.643656
718,-2.306363,-0.707107,-1.769734
719,-2.432441,-0.500000,-1.866478
720,-2.511698,-0.258819,-1.927294
721,-2.262742,0.000000,-2.262742
722,-2.238648,0.258819,-2.238648
723,-2.168007,0.500000,-2.168007
724,-2.055635,0.707107,-2.055635
725,-1.909188,0.866025,-1.909188
726,-1.738648,0.965926,-1.738648
727,-1.555635,1.000000,-1.555635
728,-1.372622,0.965926,-1.372622
729,-1.202082,0.866025,-1.202082
730,-1.055635,0.707107,-1.055635
731,-0.943262,0.500000,-0.943262
732,-0.872622,0.258819,-0.872622
733,-0.848528,0.000000,-0.848528
734,-0.872622,-0.258819,-0.872622
735,-0.943262,-0.500000,-0.943262
736,-1.055635,-0.707107,-1.055635
737,-1.202082,-0.866025,-1.202082
738,-1.372622,-0.965926,-1.372622
739,-1.555635,-1.000000,-1.555635
740,-1.738648,-0.965926,-1.738648
741,-1.909188,-0.866025,-1.909188
742,-2.055635,-0.707107,-2.055635
743,-2.168007,-0.500000,-2.168007
744,-2.238648,-0.258819,-2.238648
745,-1.948037,0.000000,-2.538731
746,-1.927294,0.258819,-2.511698
747,-1.866478,0.500000,-2.432441
748,-1.769734,0.707107,-2.306363
749,-1.643656,0.866025,-2.142054
750,-1.496834,0.965926,-1.950712
751,-1.339275,1.000000,-1.745377
752,-1.181716,0.965926,-1.540042
753,-1.034894,0.866025,-1.348701
754,-0.908816,0.707107,-1.184392
755,-0.812072,0.500000,-1.058313
756,-0.751257,0.258819,-0.979057
757,-0.730514,0.000000,-0.952024
758,-0.751257,-0.258819,-0.979057
759,-0.812072,-0.500000,-1.058313
760,-0.908816,-0.707107,-1.184392
761,-1.034894,-0.866025,-1.348701
762,-1.181716,-0.965926,-1.540042
763,-1.339275,-1.000000,-1.745377
764,-1.496834,-0.965926,-1.950712
765,-1.643656,-0.866025,-2.142054
766,-1.769734,-0.707107,-2.306363
767,-1.866478,-0.500000,-2.432441
768,-1.927294,-0.258819,-2.511698
769,-1.600000,0.000000,-2.771281
770,-1.582963,0.258819,-2.741772
771,-1.533013,0.500000,-2.655256
772,-1.453553,0.707107,-2.517628
773,-1.350000,0.866025,-2.338269
774,-1.229410,0.965926,-2.129400
775,-1.100000,1.000000,-1.905256
776,-0.970590,0.965926,-1.681112
777,-0.850000,0.866025,-1.472243
778,-0.746447,0.707107,-1.292883
779,-0.666987,0.500000,-1.155256
780,-0.617037,0.258819,-1.068740
781,-0.600000,0.000000,-1.039230
782,-0.617037,-0.258819,-1.068740
783,-0.666987,-0.500000,-1.155256
784,-0.746447,-0.707107,-1.292883
785,-0.850000,-0.866025,-1.472243
786,-0.970590,-0.965926,-1.681112
787,-1.100000,-1.000000,-1.905256
788,-1.229410,-0.965926,-2.129400
789,-1.350000,-0.866025,-2.338269
790,-1.453553,-0.707107,-2.517628
791,-1.533013,-0.500000,-2.655256
792,-1.582963,-0.258819,-2.741772
793,-1.224587,0.000000,-2.956415
794,-1.211547,0.258819,-2.924934
795,-1.173317,0.500000,-2.832638
796,-1.112502,0.707107,-2.685816
797,-1.033245,0.866025,-2.494475
798,-0.940949,0.965926,-2.271653
799,-0.841904,1.000000,-2.032535
800,-0.742858,0.965926,-1.793417
801,-0.650562,0.866025,-1.570595
802,-0.571306,0.707107,-1.379253
803,-0.510490,0.500000,-1.232432
804,-0.472260,0.258819,-1.140136
805,-0.459220,0.000000,-1.108655
806,-0.472260,-0.258819,-1.140136
807,-0.510490,-0.500000,-1.232432
808,-0.571306,-0.707107,-1.379253
809,-0.650562,-0.866025,-1.570595
810,-0.742858,-0.965926,-1.793417
811,-0.841904,-1.000000,-2.032535
812,-0.940949,-0.965926,-2.271653
813,-1.033245,-0.866025,-2.494475
814,-1.112502,-0.707107,-2.685816
815,-1.173317,-0.500000,-2.832638
816,-1.211547,-0.258819,-2.924934
817,-0.828221,0.000000,-3.090963
818,-0.819402,0.258819,-3.058050
819,-0.793546,0.500000,-2.961553
820,-0.752415,0.707107,-2.808050
821,-0.698811,0.866025,-2.608000
822,-0.636389,0.965926,-2.375037
823,-0.569402,1.000000,-2.125037
824,-0.502415,0.965926,-1.875037
825,-0.439992,0.866025,-1.642074
826,-0.386389,0.707107,-1.442024
827,-0.345258,0.500000,-1.288521
828,-0.319402,0.258819,-1.192024
829,-0.310583,0.000000,-1.159111
830,-0.319402,-0.258819,-1.192024
831,-0.345258,-0.500000,-1.288521
832,-0.386389,-0.707107,-1.442024
833,-0.439992,-0.866025,-1.642074
834,-0.502415,-0.965926,-1.875037
835,-0.569402,-1.000000,-2.125037
836,-0.636389,-0.965926,-2.375037
837,-0.698811,-0.866025,-2.608000
838,-0.752415,-0.707107,-2.808050
839,-0.793546,-0.500000,-2.961553
840,-0.819402,-0.258819,-3.058050
841,-0.417684,0.000000,-3.172624
842,-0.413236,0.258819,-3.138841
843,-0.400197,0.500000,-3.039795
844,-0.379454,0.707107,-2.882236
845,-0.352421,0.866025,-2.676901
846,-0.320940,0.965926,-2.437784
847,-0.287158,1.000000,-2.181179
848,-0.253375,0.965926,-1.924574
849,-0.221895,0.866025,-1.685456
850,-0.194862,0.707107,-1.480121
851,-0.174119,0.500000,-1.322562
852,-0.161079,0.258819,-1.223516
853,-0.156631,0.000000,-1.189734
854,-0.161079,-0.258819,-1.223516
855,-0.174119,-0.500000,-1.322562
856,-0.194862,-0.707107,-1.480121
857,-0.221895,-0.866025,-1.685456
858,-0.253375,-0.965926,-1.924574
859,-0.287158,-1.000000,-2.181179
860,-0.320940,-0.965926,-2.437784
861,-0.352421,-0.866025,-2.676901
862,-0.379454,-0.707107,-2.882236
863,-0.400197,-0.500000,-3.039795
864,-0.413236,-0.258819,-3.138841
865,-0.000000,0.000000,-3.200000
866,-0.000000,0.258819,-3.165926
867,-0.000000,0.500000,-3.066025
868,-0.000000,0.707107,-2.907107
869,-0.000000,0.866025,-2.700000
870,-0.000000,0.965926,-2.458819
871,-0.000000,1.000000,-2.200000
872,-0.000000,0.965926,-1.941181
873,-0.000000,0.866025,-1.700000
874,-0.000000,0.707107,-1.492893
875,-0.000000,0.500000,-1.333975
876,-0.000000,0.258819,-1.234074
877,-0.000000,0.000000,-1.200000
878,-0.000000,-0.258819,-1.234074
879,-0.000000,-0.500000,-1.333975
880,-0.000000,-0.707107,-1.492893
881,-0.000000,-0.866025,-1.700000
882,-0.000000,-0.965926,-1.941181
883,-0.000000,-1.000000,-2.200000
884,-0.000000,-0.965926,-2.458819
885,-0.000000,-0.866025,-2.700000
886,-0.000000,-0.707107,-2.907107
887,-0.000000,-0.500000,-3.066025
888,-0.000000,-0.258819,-3.165926
889,0.417684,0.000000,-3.172624
890,0.413236,0.258819,-3.138841
891,0.400197,0.500000,-3.039795
892,0.379454,0.707107,-2.882236
893,0.352421,0.866025,-2.676901
894,0.320940,0.965926,-2.437784
895,0.287158,1.000000,-2.181179
896,0.253375,0.965926,-1.924574
897,0.221895,0.866025,-1.685456
898,0.194862,0.707107,-1.480121
899,0.174119,0.500000,-1.322562
900,0.161079,0.258819,-1.223516
901,0.156631,0.000000,-1.189734
902,0.161079,-0.258819,-1.223516
903,0.174119,-0.500000,-1.322562
904,0.194862,-0.707107,-1.480121
905,0.221895,-0.866025,-1.685456
906,0.253375,-0.965926,-1.924574
907,0.287158,-1.000000,-2.181179
908,0.320940,-0.965926,-2.437784
909,0.352421,-0.866025,-2.676901
910,0.379454,-0.707107,-2.882236
911,0.400197,-0.500000,-3.039795
912,0.413236,-0.258819,-3.138841
913,0.828221,0.000000,-3.090963
914,0.819402,0.258819,-3.058050
915,0.793546,0.500000,-2.961553
916,0.752415,0.707107,-2.808050
917,0.698811,0.866025,-2.608000
918,0.636389,0.965926,-2.375037
919,0.569402,1.000000,-2.125037
920,0.502415,0.965926,-1.875037
921,0.439992,0.866025,-1.642074
922,0.386389,0.707107,-1.442024
923,0.345258,0.500000,-1.288521
924,0.319402,0.258819,-1.192024
925,0.310583,0.000000,-1.159111
926,0.319402,-0.258819,-1.192024
927,0.345258,-0.500000,-1.288521
928,0.386389,-0.707107,-1.442024
929,0.439992,-0.866025,-1.642074
930,0.502415,-0.965926,-1.875037
931,0.569402,-1.000000,-2.125037
932,0.636389,-0.965926,-2.375037
933,0.698811,-0.866025,-2.608000
934,0.752415,-0.707107,-2.808050
935,0.793546,-0.500000,-2.961553
936,0.819402,-0.258819,-3.058050
937,1.224587,0.000000,-2.956415
938,1.211547,0.258819,-2.924934
939,1.173317,0.500000,-2.832638
940,1.112502,0.707107,-2.685816
941,1.033245,0.866025,-2.494475
942,0.940949,0.965926,-2.271653
943,0.841904,1.000000,-2.032535
944,0.742858,0.965926,-1.793417
945,0.650562,0.866025,-1.570595
946,0.571306,0.707107,-1.379253
947,0.510490,0.500000,-1.232432
948,0.472260,0.258819,-1.140136
949,0.459220,0.000000,-1.108655
950,0.472260,-0.258819,-1.140136
951,0.510490,-0.500000,-1.232432
952,0.571306,-0.707107,-1.379253
953,0.650562,-0.866025,-1.570595
954,0.742858,-0.965926,-1.793417
955,0.841904,-1.000000,-2.032535
956,0.940949,-0.965926,-2.271653
957,1.033245,-0.866025,-2.494475
958,1.112502,-0.707107,-2.685816
959,1.173317,-0.500000,-2.832638
960,1.211547,-0.258819,-2.924934
961,1.600000,0.000000,-2.771281
962,1.582963,0.258819,-2.741772
963,1.533013,0.500000,-2.655256
964,1.453553,0.707107,-2.517628
965,1.350000,0.866025,-2.338269
966,1.229410,0.965926,-2.129400
967,1.100000,1.000000,-1.905256
968,0.970590,0.965926,-1.681112
969,0.850000,0.866025,-1.472243
970,0.746447,0.707107,-1.292883
971,0.666987,0.500000,-1.155256
972,0.617037,0.258819,-1.068740
973,0.600000,0.000000,-1.039230
974,0.617037,-0.258819,-1.068740
975,0.666987,-0.500000,-1.155256
976,0.746447,-0.707107,-1.292883
977,0.850000,-0.866025,-1.472243
978,0.970590,-0.965926,-1.681112
979,1.100000,-1.000000,-1.905256
980,1.229410,-0.965926,-2.129400
981,1.350000,-0.866025,-2.338269
982,1.453553,-0.707107,-2.517628
983,1.533013,-0.500000,-2.655256
984,1.582963,-0.258819,-2.741772
985,1.948037,0.000000,-2.538731
986,1.927294,0.258819,-2.511698
987,1.866478,0.500000,-2.432441
988,1.769734,0.707107,-2.306363
989,1.643656,0.866025,-2.142054
990,1.496834,0.965926,-1.950712
991,1.339275,1.000000,-1.745377
992,1.181716,0.965926,-1.540042
993,1.034894,0.866025,-1.348701
994,0.908816,0.707107,-1.184392
995,0.812072,0.500000,-1.058313
996,0.751257,0.258819,-0.979057
997,0.730514,0.000000,-0.952024
998,0.751257,-0.258819,-0.979057
999,0.812072,-0.500000,-1.058313
1000,0.908816,-0.707107,-1.184392
1001,1.034894,-0.866025,-1.348701
1002,1.181716,-0.965926,-1.540042
1003,1.339275,-1.000000,-1.745377
1004,1.496834,-0.965926,-1.950712
1005,1.643656,-0.866025,-2.142054
1006,1.769734,-0.707107,-2.306363
1007,1.866478,-0.500000,-2.432441
1008,1.927294,-0.258819,-2.511698
1009,2.262742,0.000000,-2.262742
1010,2.238648,0.258819,-2.238648
1011,2.168007,0.500000,-2.168007
1012,2.055635,0.707107,-2.055635
1013,1.909188,0.866025,-1.909188
1014,1.738648,0.965926,-1.738648
1015,1.555635,1.000000,-1.555635
1016,1.372622,0.965926,-1.372622
1017,1.202082,0.866025,-1.202082
1018,1.055635,0.707107,-1.055635
1019,0.943262,0.500000,-0.943262
1020,0.872622,0.258819,-0.872622
1021,0.848528,0.000000,-0.848528
1022,0.872622,-0.258819,-0.872622
1023,0.943262,-0.500000,-0.943262
1024,1.055635,-0.707107,-1.055635
1025,1.202082,-0.866025,-1.202082
1026,1.372622,-0.965926,-1.372622
1027,1.555635,-1.000000,-1.555635
1028,1.738648,-0.965926,-1.738648
1029,1.909188,-0.866025,-1.909188
1030,2.055635,-0.707107,-2.055635
1031,2.168007,-0.500000,-2.168007
1032,2.238648,-0.258819,-2.238648
1033,2.538731,0.000000,-1.948037
1034,2.511698,0.258819,-1.927294
1035,2.432441,0.500000,-1.866478
1036,2.306363,0.707107,-1.769734
1037,2.142054,0.866025,-1.643656
1038,1.950712,0.965926,-1.496834
1039,1.745377,1.000000,-1.339275
1040,1.540042,0.965926,-1.181716
1041,1.348701,0.866025,-1.034894
1042,1.184392,0.707107,-0.908816
1043,1.058313,0.500000,-0.812072
1044,0.979057,0.258819,-0.751257
1045,0.952024,0.000000,-0.730514
1046,0.979057,-0.258819,-0.751257
1047,1.058313,-0.500000,-0.812072
1048,1.184392,-0.707107,-0.908816
1049,1.348701,-0.866025,-1.034894
1050,1.540042,-0.965926,-1.181716
1051,1.745377,-1.000000,-1.339275
1052,1.950712,-0.965926,-1.496834
1053,2.142054,-0.866025,-1.643656
1054,2.306363,-0.707107,-1.769734
1055,2.432441,-0.500000,-1.866478
1056,2.511698,-0.258819,-1.927294
1057,2.771281,0.000000,-1.600000
1058,2.741772,0.258819,-1.582963
1059,2.655256,0.500000,-1.533013
1060,2.517628,0.707107,-1.453553
1061,2.338269,0.866025,-1.350000
1062,2.129400,0.965926,-1.229410
1063,1.905256,1.000000,-1.100000
1064,1.681112,0.965926,-0.970590
1065,1.472243,0.866025,-0.850000
1066,1.292883,0.707107,-0.746447
1067,1.155256,0.500000,-0.666987
1068,1.068740,0.258819,-0.617037
1069,1.039230,0.000000,-0.600000
1070,1.068740,-0.258819,-0.617037
1071,1.155256,-0.500000,-0.666987
1072,1.292883,-0.707107,-0.746447
1073,1.472243,-0.866025,-0.850000
1074,1.681112,-0.965926,-0.970590
1075,1.905256,-1.000000,-1.100000
1076,2.129400,-0.965926,-1.229410
1077,2.338269,-0.866025,-1.350000
1078,2.517628,-0.707107,-1.453553
1079,2.655256,-0.500000,-1.533013
1080,2.741772,-0.258819,-1.582963
1081,2.956415,0.000000,-1.224587
1082,2.924934,0.258819,-1.211547
1083,2.832638,0.500000,-1.173317
1084,2.685816,0.707107,-1.112502
1085,2.494475,0.866025,-1.033245
1086,2.271653,0.965926,-0.940949
1087,2.032535,1.000000,-0.841904
1088,1.793417,0.965926,-0.742858
1089,1.570595,0.866025,-0.650562
1090,1.379253,0.707107,-0.571306
1091,1.232432,0.500000,-0.510490
1092,1.140136,0.258819,-0.472260
1093,1.108655,0.000000,-0.459220
1094,1.140136,-0.258819,-0.472260
1095,1.232432,-0.500000,-0.510490
1096,1.379253,-0.707107,-0.571306
1097,1.570595,-0.866025,-0.650562
1098,1.793417,-0.965926,-0.742858
1099,2.032535,-1.000000,-0.841904
1100,2.271653,-0.965926,-0.940949
1101,2.494475,-0.866025,-1.033245
1102,2.685816,-0.707107,-1.112502
1103,2.832638,-0.500000,-1.173317
1104,2.924934,-0.258819,-1.211547
1105,3.090963,0.000000,-0.828221
1106,3.058050,0.258819,-0.819402
1107,2.961553,0.500000,-0.793546
1108,2.808050,0.707107,-0.752415
1109,2.608000,0.866025,-0.698811
1110,2.375037,0.965926,-0.636389
1111,2.125037,1.000000,-0.569402
1112,1.875037,0.965926,-0.502415
1113,1.642074,0.866025,-0.439992
1114,1.442024,0.707107,-0.386389
1115,1.288521,0.500000,-0.345258
1116,1.192024,0.258819,-0.319402
1117,1.159111,0.000000,-0.310583
1118,1.192024,-0.258819,-0.319402
1119,1.288521,-0.500000,-0.345258
1120,1.442024,-0.707107,-0.386389
1121,1.642074,-0.866025,-0.439992
1122,1.875037,-0.965926,-0.502415
1123,2.125037,-1.000000,-0.569402
1124,2.375037,-0.965926,-0.636389
1125,2.608000,-0.866025,-0.698811
1126,2.808050,-0.707107,-0.752415
1127,2.961553,-0.500000,-0.793546
1128,3.058050,-0.258819,-0.819402
1129,3.172624,0.000000,-0.417684
1130,3.138841,0.258819,-0.413236
1131,3.039795,0.500000,-0.400197
1132,2.882236,0.707107,-0.379454
1133,2.676901,0.866025,-0.352421
1134,2.437784,0.965926,-0.320940
1135,2.181179,1.000000,-0.287158
1136,1.924574,0.965926,-0.253375
1137,1.685456,0.866025,-0.221895
1138,1.480121,0.707107,-0.194862
1139,1.322562,0.500000,-0.174119
1140,1.223516,0.258819,-0.161079
1141,1.189734,0.000000,-0.156631
1142,1.223516,-0.258819,-0.161079
1143,1.322562,-0.500000,-0.174119
1144,1.480121,-0.707107,-0.194862
1145,1.685456,-0.866025,-0.221895
1146,1.924574,-0.965926,-0.253375
1147,2.181179,-1.000000,-0.287158
1148,2.437784,-0.965926,-0.320940
1149,2.676901,-0.866025,-0.352421
1150,2.882236,-0.707107,-0.379454
1151,3.039795,-0.500000,-0.400197
1152,3.138841,-0.258819,-0.413236
