x,y,z,id
-3,1.8,0,1
-2.9916,1.8,-0.081,1
-2.9916,1.8,0.081,1
-2.98945,1.666162,0,1
-2.985,1.92195,0,1
-2.985,1.92195,0,1
-2.98118,1.667844,-0.081,1
-2.98118,1.667844,0.081,1
-2.97669,1.920243,-0.081,1
-2.97669,1.920243,0.081,1
-2.9688,1.8,-0.144,1
-2.9688,1.8,0.144,1
-2.95871,1.672406,-0.144,1
-2.95871,1.672406,0.144,1
-2.9576,1.5348,0,1
-2.9576,1.5348,0,1
-2.95412,1.915609,-0.144,1
-2.95412,1.915609,0.144,1
-2.94969,1.53779,-0.081,1
-2.94969,1.53779,0.081,1
-2.94,2.0196,0,1
-2.9352,1.8,-0.189,1
-2.9352,1.8,0.189,1
-2.93196,2.016526,0.081,1
-2.93196,2.016526,-0.081,1
-2.92823,1.545907,-0.144,1
-2.92823,1.545907,0.144,1
-2.92561,1.679131,-0.189,1
-2.92561,1.679131,0.189,1
-2.92087,1.908779,-0.189,1
-2.92087,1.908779,0.189,1
-2.91013,2.008181,-0.144,1
-2.91013,2.008181,0.144,1
-2.90415,1.406137,0,1
-2.90415,1.406137,0,1
-2.89685,1.410135,0.081,1
-2.89685,1.410135,-0.081,1
-2.8966,1.557869,-0.189,1
-2.8966,1.557869,0.189,1
-2.8944,1.8,-0.216,1
-2.8944,1.8,0.216,1
-2.88542,1.687296,-0.216,1
-2.88542,1.687296,0.216,1
-2.88049,1.900487,-0.216,1
-2.88049,1.900487,0.216,1
-2.87797,1.995883,-0.189,1
-2.87797,1.995883,0.189,1
-2.87702,1.420985,-0.144,1
-2.87702,1.420985,0.144,1
-2.865,2.09565,0,1
-2.8582,1.572394,0.216,1
-2.8582,1.572394,-0.216,1
-2.85743,2.091511,-0.081,1
-2.85743,2.091511,0.081,1
-2.85,1.8,-0.225,1
-2.85,1.8,0.225,1
-2.84781,1.436974,0.189,1
-2.84781,1.436974,-0.189,1
-2.84168,1.696181,0.225,1
-2.84168,1.696181,-0.225,1
-2.83891,1.98095,-0.216,1
-2.83891,1.98095,0.216,1
-2.83689,2.080276,-0.144,1
-2.83689,2.080276,0.144,1
-2.83655,1.891463,-0.225,1
-2.83655,1.891463,0.225,1
-2.8288,1.2804,0,1
-2.82233,1.285171,-0.081,1
-2.82233,1.285171,0.081,1
-2.8164,1.5882,-0.225,1
-2.8164,1.5882,0.225,1
-2.81233,1.45639,0.216,1
-2.81233,1.45639,-0.216,1
-2.80662,2.06372,-0.189,1
-2.80662,2.06372,0.189,1
-2.8056,1.8,-0.216,1
-2.8056,1.8,0.216,1
-2.80476,1.298122,-0.144,1
-2.80476,1.298122,0.144,1
-2.79793,1.705067,-0.216,1
-2.79793,1.705067,0.216,1
-2.7964,1.9647,0.225,1
-2.7964,1.9647,-0.225,1
-2.79261,1.882438,-0.216,1
-2.79261,1.882438,0.216,1
-2.77886,1.317206,-0.189,1
-2.77886,1.317206,0.189,1
-2.77461,1.604006,0.216,1
-2.77461,1.604006,-0.216,1
-2.77373,1.477519,0.225,1
-2.77373,1.477519,-0.225,1
-2.76985,2.043616,-0.216,1
-2.76985,2.043616,0.216,1
-2.7648,1.8,-0.189,1
-2.7648,1.8,0.189,1
-2.76,2.1528,0,1
-2.76,2.1528,0,1
-2.75774,1.713232,-0.189,1
-2.75774,1.713232,0.189,1
-2.75389,1.94845,-0.216,1
-2.75389,1.94845,0.216,1
-2.75312,2.147861,-0.081,1
-2.75312,2.147861,0.081,1
-2.75223,1.874146,-0.189,1
-2.75223,1.874146,0.189,1
-2.74742,1.340381,-0.216,1
-2.74742,1.340381,0.216,1
-2.7362,1.618531,-0.189,1
-2.7362,1.618531,0.189,1
-2.73512,1.498648,0.216,1
-2.73512,1.498648,-0.216,1
-2.73446,2.134454,-0.144,1
-2.73446,2.134454,0.144,1
-2.73125,1.157813,0,1
-2.73125,1.157813,0,1
-2.7312,1.8,-0.144,1
-2.7312,1.8,0.144,1
-2.72985,2.021737,-0.225,1
-2.72985,2.021737,0.225,1
-2.72583,1.163194,0.081,1
-2.72583,1.163194,-0.081,1
-2.72464,1.719956,-0.144,1
-2.72464,1.719956,0.144,1
-2.71898,1.867316,-0.144,1
-2.71898,1.867316,0.144,1
-2.71484,1.933517,-0.189,1
-2.71484,1.933517,0.189,1
-2.7132,1.3656,-0.225,1
-2.7132,1.3656,0.225,1
-2.7111,1.1778,-0.144,1
-2.7111,1.1778,0.144,1
-2.7084,1.8,-0.081,1
-2.7084,1.8,0.081,1
-2.70695,2.114698,-0.189,1
-2.70695,2.114698,0.189,1
-2.70457,1.630493,-0.144,1
-2.70457,1.630493,0.144,1
-2.70218,1.724519,-0.081,1
-2.70218,1.724519,0.081,1
-2.7,1.8,0,1
-2.69964,1.518063,0.189,1
-2.69964,1.518063,-0.189,1
-2.69641,1.862682,-0.081,1
-2.69641,1.862682,0.081,1
-2.6939,1.7262,0,1
-2.68985,1.999859,-0.216,1
-2.68985,1.999859,0.216,1
-2.6894,1.199325,-0.189,1
-2.6894,1.199325,0.189,1
-2.6881,1.860975,0,1
-2.6881,1.860975,0,1
-2.68311,1.63861,-0.081,1
-2.68311,1.63861,0.081,1
-2.68267,1.921219,-0.144,1
-2.68267,1.921219,0.144,1
-2.67898,1.390819,-0.216,1
-2.67898,1.390819,0.216,1
-2.6752,1.6416,0,1
-2.6752,1.6416,0,1
-2.67355,2.090707,-0.216,1
-2.67355,2.090707,0.216,1
-2.67043,1.534053,-0.144,1
-2.67043,1.534053,0.144,1
-2.66305,1.225463,-0.216,1
-2.66305,1.225463,0.216,1
-2.66084,1.912874,0.081,1
-2.66084,1.912874,-0.081,1
-2.65309,1.979755,-0.189,1
-2.65309,1.979755,0.189,1
-2.6528,1.9098,0,1
-2.6528,1.9098,0,1
-2.6506,1.544903,0.081,1
-2.6506,1.544903,-0.081,1
-2.64754,1.413994,-0.189,1
-2.64754,1.413994,0.189,1
-2.6433,1.5489,0,1
-2.6372,2.0646,-0.225,1
-2.6372,2.0646,0.225,1
-2.63438,1.253906,0.225,1
-2.63438,1.253906,-0.225,1
-2.625,2.19375,0,1
-2.62281,1.963199,-0.144,1
-2.62281,1.963199,0.144,1
-2.62165,1.433078,-0.144,1
-2.62165,1.433078,0.144,1
-2.61905,2.188238,-0.081,1
-2.61905,2.188238,0.081,1
-2.6112,1.0386,0,1
-2.6112,1.0386,0,1
-2.60703,1.044497,0.081,1
-2.60703,1.044497,-0.081,1
-2.6057,1.28235,-0.216,1
-2.6057,1.28235,0.216,1
-2.60407,1.446029,-0.081,1
-2.60407,1.446029,0.081,1
-2.6029,2.173275,-0.144,1
-2.6029,2.173275,0.144,1
-2.60227,1.951964,-0.081,1
-2.60227,1.951964,0.081,1
-2.60085,2.038493,-0.216,1
-2.60085,2.038493,0.216,1
-2.5976,1.4508,0,1
-2.59573,1.060502,-0.144,1
-2.59573,1.060502,0.144,1
-2.5947,1.947825,0,1
-2.57935,1.308488,-0.189,1
-2.57935,1.308488,0.189,1
-2.5791,2.151225,-0.189,1
-2.5791,2.151225,0.189,1
-2.57906,1.08409,-0.189,1
-2.57906,1.08409,0.189,1
-2.56745,2.014502,-0.189,1
-2.56745,2.014502,0.189,1
-2.55882,1.112731,0.216,1
-2.55882,1.112731,-0.216,1
-2.55765,1.330013,-0.144,1
-2.55765,1.330013,0.144,1
-2.5502,2.12445,-0.216,1
-2.5502,2.12445,0.216,1
-2.54293,1.344619,0.081,1
-2.54293,1.344619,-0.081,1
-2.53994,1.994746,-0.144,1
-2.53994,1.994746,0.144,1
-2.5375,1.35,0,1
-2.5375,1.35,0,1
-2.5368,1.1439,0.225,1
-2.5368,1.1439,-0.225,1
-2.52128,1.981339,-0.081,1
-2.52128,1.981339,0.081,1
-2.51875,2.095312,-0.225,1
-2.51875,2.095312,0.225,1
-2.51478,1.175069,0.216,1
-2.51478,1.175069,-0.216,1
-2.5144,1.9764,0,1
-2.5144,1.9764,0,1
-2.49454,1.20371,-0.189,1
-2.49454,1.20371,0.189,1
-2.4873,2.066175,-0.216,1
-2.4873,2.066175,0.216,1
-2.47788,1.227298,-0.144,1
-2.47788,1.227298,0.144,1
-2.46835,0.922987,0,1
-2.46657,1.243303,0.081,1
-2.46657,1.243303,-0.081,1
-2.46564,0.929375,-0.081,1
-2.46564,0.929375,0.081,1
-2.4624,1.2492,0,1
-2.4624,1.2492,0,1
-2.46,2.2212,0,1
-2.46,2.2212,0,1
-2.4584,2.0394,-0.189,1
-2.4584,2.0394,0.189,1
-2.4583,0.946711,-0.144,1
-2.4583,0.946711,0.144,1
-2.45523,2.215303,-0.081,1
-2.45523,2.215303,0.081,1
-2.44747,0.97226,0.189,1
-2.44747,0.97226,-0.189,1
-2.44228,2.199298,-0.144,1
-2.44228,2.199298,0.144,1
-2.4346,2.01735,-0.144,1
-2.4346,2.01735,0.144,1
-2.43433,1.003283,-0.216,1
-2.43433,1.003283,0.216,1
-2.42319,2.17571,-0.189,1
-2.42319,2.17571,0.189,1
-2.42003,1.037044,-0.225,1
-2.42003,1.037044,0.225,1
-2.41845,2.002387,-0.081,1
-2.41845,2.002388,0.081,1
-2.4125,1.996875,0,1
-2.4125,1.996875,0,1
-2.40572,1.070804,-0.216,1
-2.40572,1.070804,0.216,1
-2.40002,2.147069,-0.216,1
-2.40002,2.147069,0.216,1
-2.39258,1.101828,-0.189,1
-2.39258,1.101828,0.189,1
-2.38175,1.127376,-0.144,1
-2.38175,1.127376,0.144,1
-2.3748,2.1159,-0.225,1
-2.3748,2.1159,0.225,1
-2.37441,1.144713,0.081,1
-2.37441,1.144713,-0.081,1
-2.3717,1.1511,0,1
-2.34958,2.084731,-0.216,1
-2.34958,2.084731,0.216,1
-2.32641,2.05609,-0.189,1
-2.32641,2.05609,0.189,1
-2.30732,2.032502,-0.144,1
-2.30732,2.032502,0.144,1
-2.3024,0.8112,0,1
-2.3024,0.8112,0,1
-2.30135,0.818122,0.081,1
-2.30135,0.818122,-0.081,1
-2.29849,0.836909,0.144,1
-2.29849,0.836909,-0.144,1
-2.29437,2.016497,-0.081,1
-2.29437,2.016497,0.081,1
-2.29428,0.864595,0.189,1
-2.29428,0.864595,-0.189,1
-2.2896,2.0106,0,1
-2.2896,2.0106,0,1
-2.28917,0.898214,0.216,1
-2.28917,0.898214,-0.216,1
-2.2836,0.9348,0.225,1
-2.2836,0.9348,-0.225,1
-2.27804,0.971386,0.216,1
-2.27804,0.971386,-0.216,1
-2.27292,1.005005,0.189,1
-2.27292,1.005005,-0.189,1
-2.26871,1.032691,-0.144,1
-2.26871,1.032691,0.144,1
-2.26585,1.051478,0.081,1
-2.26585,1.051478,-0.081,1
-2.265,2.23785,0,1
-2.2648,1.0584,0,1
-2.2648,1.0584,0,1
-2.26168,2.23172,-0.081,1
-2.26168,2.23172,0.081,1
-2.25266,2.215082,-0.144,1
-2.25266,2.215082,0.144,1
-2.23936,2.190562,-0.189,1
-2.23936,2.190562,0.189,1
-2.22322,2.160788,-0.216,1
-2.22322,2.160788,0.216,1
-2.20565,2.128387,0.225,1
-2.20565,2.128388,-0.225,1
-2.18808,2.095987,-0.216,1
-2.18808,2.095987,0.216,1
-2.17194,2.066213,-0.189,1
-2.17194,2.066213,0.189,1
-2.15865,2.041693,-0.144,1
-2.15865,2.041693,0.144,1
-2.14962,2.025055,-0.081,1
-2.14962,2.025055,0.081,1
-2.1463,2.018925,0,1
-2.1411,0.9738,0,1
-2.1411,0.9738,0,1
-2.14032,0.966231,0.081,1
-2.14032,0.966231,-0.081,1
-2.13818,0.945685,0.144,1
-2.13818,0.945685,-0.144,1
-2.13504,0.915407,0.189,1
-2.13504,0.915407,-0.189,1
-2.13123,0.878641,0.216,1
-2.13123,0.878641,-0.216,1
-2.12708,0.838631,0.225,1
-2.12708,0.838631,-0.225,1
-2.12292,0.798621,0.216,1
-2.12292,0.798621,-0.216,1
-2.11911,0.761855,0.189,1
-2.11911,0.761855,-0.189,1
-2.11597,0.731578,0.144,1
-2.11597,0.731578,-0.144,1
-2.11384,0.711032,0.081,1
-2.11384,0.711032,-0.081,1
-2.11305,0.703463,0,1
-2.11305,0.703463,0,1
-2.04,2.2464,0,1
-2.04,2.2464,0,1
-2.03841,2.24015,-0.081,1
-2.03841,2.24015,0.081,1
-2.03409,2.223187,-0.144,1
-2.03409,2.223187,0.144,1
-2.02773,2.198189,-0.189,1
-2.02773,2.198189,0.189,1
-2.02001,2.167834,0.216,1
-2.02001,2.167834,-0.216,1
-2.0116,2.1348,0.225,1
-2.0116,2.1348,-0.225,1
-2.00319,2.101766,0.216,1
-2.00319,2.101766,-0.216,1
-2,0.9,0,1
-2,0.9,0,1
-2,0.9,0,1
-1.9972,0.8916,0.081,1
-1.9972,0.8916,-0.081,1
-1.99547,2.071411,-0.189,1
-1.99547,2.071411,0.189,1
-1.99275,1.037175,0,1
-1.99275,1.037175,0,1
-1.9896,0.8688,0.144,1
-1.9896,0.8688,-0.144,1
-1.98911,2.046413,0.144,1
-1.98911,2.046413,-0.144,1
-1.986,0.771675,0,1
-1.986,0.771675,0,1
-1.98479,2.02945,-0.081,1
-1.98479,2.02945,0.081,1
-1.9832,2.0232,0,1
-1.9832,2.0232,0,1
-1.9784,0.8352,0.189,1
-1.9784,0.8352,-0.189,1
-1.97424,0.9,-0.32816,1
-1.97424,0.9,-0.32816,1
-1.97424,0.9,0.32816,1
-1.972,1.1784,0,1
-1.972,1.1784,0,1
-1.96708,1.037175,-0.32697,1
-1.96708,1.037175,0.32697,1
-1.9648,0.7944,0.216,1
-1.9648,0.7944,-0.216,1
-1.96042,0.771675,-0.32586,1
-1.96042,0.771675,0.325863,1
-1.95,0.75,-0.225,1
-1.95,0.75,0.225,1
-1.948,0.6564,0,1
-1.948,0.6564,0,1
-1.9466,1.1784,-0.32356,1
-1.9466,1.1784,0.323566,1
-1.93925,1.323225,0,1
-1.93925,1.323225,0,1
-1.9352,0.7056,0.216,1
-1.9352,0.7056,-0.216,1
-1.92291,0.6564,-0.31962,1
-1.92291,0.6564,0.319628,1
-1.9216,0.6648,0.189,1
-1.9216,0.6648,-0.189,1
-1.91427,1.323225,-0.31819,1
-1.91427,1.323225,0.318192,1
-1.9104,0.6312,0.144,1
-1.9104,0.6312,-0.144,1
-1.9028,0.6084,0.081,1
-1.9028,0.6084,-0.081,1
-1.9,0.6,0,1
-1.9,0.6,0,1
-1.89952,0.9,-0.63808,1
-1.89952,0.9,-0.63808,1
-1.89952,0.9,0.63808,1
-1.89952,0.9,0.63808,1
-1.896,1.4712,0,1
-1.896,1.4712,0,1
-1.89263,1.037175,-0.63576,1
-1.89263,1.037175,0.635767,1
-1.892,0.553725,0,1
-1.892,0.553725,0,1
-1.88622,0.771675,-0.63361,1
-1.88622,0.771675,0.633613,1
-1.87293,1.1784,-0.62914,1
-1.87293,1.1784,0.629147,1
-1.87158,1.4712,-0.31109,1
-1.87158,1.4712,0.311096,1
-1.86763,0.553725,-0.31043,1
-1.86763,0.553725,0.310439,1
-1.85013,0.6564,-0.62149,1
-1.85013,0.6564,0.62149,1
-1.84375,1.621875,0,1
-1.84375,1.621875,0,1
-1.84182,1.323225,-0.61869,1
-1.84182,1.323225,0.618698,1
-1.824,0.4632,0,1
-1.824,0.4632,0,1
-1.82,1.621875,-0.30252,1
-1.82,1.621875,0.302523,1
-1.8009,2.024775,0,1
-1.80075,1.4712,-0.6049,1
-1.80075,1.4712,0.6049,1
-1.80051,0.4632,-0.29928,1
-1.80051,0.4632,0.299282,1
-1.80046,2.031069,-0.081,1
-1.80046,2.031069,0.081,1
-1.79925,2.048152,-0.144,1
-1.79925,2.048152,0.144,1
-1.79747,2.073326,-0.189,1
-1.79747,2.073326,0.189,1
-1.79695,0.553725,-0.60362,1
-1.79695,0.553725,0.603624,1
-1.7953,2.103896,-0.216,1
-1.7953,2.103896,0.216,1
-1.79295,2.137163,-0.225,1
-1.79295,2.137163,0.225,1
-1.7906,2.170429,-0.216,1
-1.7906,2.170429,0.216,1
-1.78843,2.200999,-0.189,1
-1.78843,2.200999,0.189,1
-1.78665,2.226173,-0.144,1
-1.78665,2.226173,0.144,1
-1.78545,2.243256,-0.081,1
-1.78545,2.243256,0.081,1
-1.785,2.24955,0,1
-1.784,1.7748,0,1
-1.784,1.7748,0,1
-1.77968,0.9,-0.92592,1
-1.77968,0.9,-0.92592,1
-1.77968,0.9,0.92592,1
-1.77968,0.9,0.92592,1
-1.77323,1.037175,-0.92256,1
-1.77323,1.037175,0.922564,1
-1.76722,0.771675,-0.91943,1
-1.76722,0.771675,0.919439,1
-1.76102,1.7748,-0.29271,1
-1.76102,1.7748,0.292719,1
-1.75476,1.1784,-0.91295,1
-1.75476,1.1784,0.912957,1
-1.75112,1.621875,-0.58823,1
-1.75112,1.621875,0.58823,1
-1.75,0.384375,0,1
-1.75,0.384375,0,1
-1.73341,0.6564,-0.90184,1
-1.73341,0.6564,0.901846,1
-1.73236,0.4632,-0.58192,1
-1.73236,0.4632,0.581929,1
-1.72746,0.384375,-0.28714,1
-1.72746,0.384375,0.28714,1
-1.72562,1.323225,-0.89779,1
-1.72562,1.323225,0.897795,1
-1.71825,1.929525,0,1
-1.71825,1.929525,0,1
-1.69612,1.929525,-0.28193,1
-1.69612,1.929525,0.28193,1
-1.69437,1.7748,-0.56916,1
-1.69437,1.7748,0.569167,1
-1.68714,1.4712,-0.87777,1
-1.68714,1.4712,0.877772,1
-1.68358,0.553725,-0.87592,1
-1.68358,0.553725,0.87592,1
-1.676,0.3168,0,1
-1.676,0.3168,0,1
-1.66208,0.384375,-0.55832,1
-1.66208,0.384375,0.55832,1
-1.65441,0.3168,-0.27499,1
-1.65441,0.3168,0.274998,1
-1.648,2.0856,0,1
-1.648,2.0856,0,1
-1.64064,1.621875,-0.85358,1
-1.64064,1.621875,0.853583,1
-1.63193,1.929525,-0.54819,1
-1.63193,1.929525,0.54819,1
-1.62677,2.0856,-0.2704,1
-1.62677,2.0856,0.270404,1
-1.62307,0.4632,-0.84443,1
-1.62307,0.4632,0.844439,1
-1.61856,0.9,-1.18784,1
-1.61856,0.9,-1.18784,1
-1.61856,0.9,1.18784,1
-1.61856,0.9,1.18784,1
-1.61269,1.037175,-1.18353,1
-1.61269,1.037175,1.183534,1
-1.608,0.260025,0,1
-1.608,0.260025,0,1
-1.60723,0.771675,-1.17952,1
-1.60723,0.771675,1.179525,1
-1.6,2.025,0,1
-1.5972,2.0313,-0.081,1
-1.5972,2.0313,0.081,1
-1.5959,1.1784,-1.17121,1
-1.5959,1.1784,1.17121,1
-1.5918,0.3168,-0.53471,1
-1.5918,0.3168,0.534711,1
-1.5896,2.0484,-0.144,1
-1.5896,2.0484,0.144,1
-1.58748,1.7748,-0.82592,1
-1.58748,1.7748,0.825921,1
-1.58729,0.260025,0.263841,1
-1.58729,0.260025,-0.26384,1
-1.5784,2.0736,-0.189,1
-1.5784,2.0736,0.189,1
-1.57648,0.6564,-1.15695,1
-1.57648,0.6564,1.156956,1
-1.57475,2.242575,0,1
-1.57475,2.242575,0,1
-1.5694,1.323225,-1.15175,1
-1.5694,1.323225,1.151759,1
-1.5652,2.0856,-0.52577,1
-1.5652,2.0856,0.525778,1
-1.5648,2.1042,-0.216,1
-1.5648,2.1042,0.216,1
-1.55722,0.384375,-0.81018,1
-1.55722,0.384375,0.81018,1
-1.55447,2.242575,-0.25838,1
-1.55447,2.242575,0.258385,1
-1.552,0.2136,0,1
-1.552,0.2136,0,1
-1.55,2.1375,-0.225,1
-1.55,2.1375,0.225,1
-1.5352,2.1708,-0.216,1
-1.5352,2.1708,0.216,1
-1.5344,1.4712,-1.12607,1
-1.5344,1.4712,1.126072,1
-1.53201,0.2136,0.254652,1
-1.53201,0.2136,-0.25465,1
-1.53116,0.553725,-1.12369,1
-1.53116,0.553725,1.123697,1
-1.52897,1.929525,-0.79548,1
-1.52897,1.929525,0.795481,1
-1.52721,0.260025,-0.51301,1
-1.52721,0.260025,0.513016,1
-1.5216,2.2014,-0.189,1
-1.5216,2.2014,0.189,1
-1.514,0.177075,0,1
-1.514,0.177075,0,1
-1.5104,2.2266,-0.144,1
-1.5104,2.2266,0.144,1
-1.5028,2.2437,-0.081,1
-1.5028,2.2437,0.081,1
-1.5,2.4,0,1
-1.5,0.15,0,1
-1.5,2.25,0,1
-1.5,2.4,0,1
-1.5,0.15,0,1
-1.49648,0.127575,0,1
-1.49648,0.127575,0,1
-1.49564,2.242575,-0.5024,1
-1.49564,2.242575,0.502408,1
-1.4945,0.177075,0.248417,1
-1.4945,0.177075,-0.24841,1
-1.49211,1.621875,-1.09504,1
-1.49211,1.621875,1.09504,1
-1.49137,0.3168,-0.77592,1
-1.49137,0.3168,0.775921,1
-1.4808,0.1056,0,1
-1.4808,0.1056,0,1
-1.48068,2.4,-0.24612,1
-1.48068,0.15,0.24612,1
-1.48068,2.4,0.24612,1
-1.48068,0.15,-0.24612,1
-1.48068,0.15,-0.24612,1
-1.48068,0.15,0.24612,1
-1.48033,2.435437,0,1
-1.48033,2.435437,0,1
-1.4772,0.127575,0.245542,1
-1.4772,0.127575,-0.24554,1
-1.47613,0.4632,-1.08331,1
-1.47613,0.4632,1.08331,1
-1.47403,0.2136,0.49515,1
-1.47403,0.2136,-0.49515,1
-1.46646,2.0856,-0.76295,1
-1.46646,2.0856,0.762958,1
-1.46173,0.1056,-0.24297,1
-1.46173,0.1056,0.24297,1
-1.46126,2.435437,-0.24289,1
-1.46126,2.435437,0.242892,1
-1.4596,2.463,0,1
-1.4596,2.463,0,1
-1.44533,0.084525,0,1
-1.44533,0.084525,0,1
-1.44376,1.7748,-1.05955,1
-1.44376,1.7748,1.059553,1
-1.4408,2.463,-0.23949,1
-1.4408,2.463,0.239491,1
-1.43903,2.482687,0,1
-1.43794,0.177075,0.483027,1
-1.43794,0.177075,-0.48302,1
-1.43086,0.260025,0.74444,1
-1.43086,0.260025,-0.74444,1
-1.42671,0.084525,-0.23714,1
-1.42671,0.084525,0.237149,1
-1.42464,2.4,-0.47856,1
-1.42464,0.15,-0.47856,1
-1.42464,0.15,-0.47856,1
-1.42464,0.15,0.47856,1
-1.42464,0.15,0.47856,1
-1.42464,2.4,0.47856,1
-1.42129,0.127575,0.477435,1
-1.42129,0.127575,-0.47743,1
-1.42049,2.482687,-0.23611,1
-1.42049,2.482687,0.236115,1
-1.42,0.9,-1.42,1
-1.42,0.9,-1.42,1
-1.42,0.9,1.42,1
-1.42,0.9,1.42,1
-1.4198,2.4945,0,1
-1.4198,2.4945,0,1
-1.41624,0.384375,-1.03936,1
-1.41624,0.384375,1.03936,1
-1.41485,1.037175,-1.41485,1
-1.41485,1.037175,1.414853,1
-1.41006,0.771675,-1.41006,1
-1.41006,0.771675,1.41006,1
-1.40641,0.1056,-0.47243,1
-1.40641,0.1056,0.472434,1
-1.40595,2.435437,-0.47228,1
-1.40595,2.435437,0.472283,1
-1.40313,2.498438,0,1
-1.40313,2.498438,0,1
-1.40151,2.4945,-0.23296,1
-1.40151,2.4945,0.232961,1
-1.40128,2.242575,-0.72904,1
-1.40128,2.242575,0.729046,1
-1.40012,1.1784,-1.40012,1
-1.40012,1.1784,1.40012,1
-1.4,2.4,0,1
-1.4,2.4,0,1
-1.39055,1.929525,-1.0205,1
-1.39055,1.929525,1.020503,1
-1.3902,2.4945,0,1
-1.3902,2.4945,0,1
-1.38627,2.463,-0.46567,1
-1.38627,2.463,0.465671,1
-1.38593,2.435437,0,1
-1.38593,2.435437,0,1
-1.38505,2.498438,-0.23022,1
-1.38505,2.498438,0.230225,1
-1.38308,0.6564,-1.38308,1
-1.38308,0.6564,1.38308,1
-1.3824,0.0648,0,1
-1.3824,0.0648,0,1
-1.38223,2.482687,0,1
-1.38223,2.482687,0,1
-1.38197,2.4,-0.22971,1
-1.38197,2.4,0.229712,1
-1.38103,0.2136,0.718514,1
-1.38103,0.2136,-0.71851,1
-1.3804,2.463,0,1
-1.3804,2.463,0,1
-1.37687,1.323225,-1.37686,1
-1.37687,1.323225,1.376868,1
-1.37271,0.084525,-0.46111,1
-1.37271,0.084525,0.461116,1
-1.37229,2.4945,-0.2281,1
-1.37229,2.4945,0.228104,1
-1.36807,2.435437,-0.2274,1
-1.36807,2.435437,0.227403,1
-1.36673,2.482687,-0.4591,1
-1.36673,2.482687,0.459107,1
-1.3646,0.0648,-0.22682,1
-1.3646,0.0648,0.226824,1
-1.36442,2.482687,-0.22679,1
-1.36442,2.482687,0.226795,1
-1.36262,2.463,-0.22649,1
-1.36262,2.463,0.226496,1
-1.35635,0.3168,-0.99541,1
-1.35635,0.3168,0.99541,1
-1.34847,2.4945,-0.45297,1
-1.34847,2.4945,0.452973,1
-1.34722,0.177075,0.700921,1
-1.34722,0.177075,-0.70092,1
-1.34616,1.4712,-1.34616,1
-1.34616,1.4712,1.34616,1
-1.34332,0.553725,-1.34332,1
-1.34332,0.553725,1.34332,1
-1.33476,2.4,-0.69444,1
-1.33476,0.15,-0.69444,1
-1.33476,0.15,0.69444,1
-1.33476,0.15,0.69444,1
-1.33476,2.4,0.69444,1
-1.33476,0.15,-0.69444,1
-1.33369,2.0856,-0.97878,1
-1.33369,2.0856,0.97878,1
-1.33263,2.498438,-0.44765,1
-1.33263,2.498438,0.447653,1
-1.33162,0.127575,0.692808,1
-1.33162,0.127575,-0.6928,1
-1.32966,2.4,-0.44665,1
-1.32966,2.4,0.446656,1
-1.32036,2.4945,-0.44352,1
-1.32036,2.4945,0.443529,1
-1.31768,0.1056,-0.68555,1
-1.31768,0.1056,0.685551,1
-1.31725,2.435437,-0.68533,1
-1.31725,2.435437,0.685331,1
-1.3163,2.435437,-0.44216,1
-1.3163,2.435437,0.442166,1
-1.31295,0.0648,0.441041,1
-1.31295,0.0648,-0.44104,1
-1.31278,2.482687,-0.44098,1
-1.31278,2.482687,0.440985,1
-1.31105,2.463,-0.4404,1
-1.31105,2.463,0.440403,1
-1.30906,1.621875,-1.30906,1
-1.30906,1.621875,1.309063,1
-1.30132,0.260025,0.955023,1
-1.30132,0.260025,-0.95502,1
-1.3,2.4,0,1
-1.3,2.4,0,1
-1.29881,2.463,-0.67573,1
-1.29881,2.463,0.675736,1
-1.29504,0.4632,-1.29504,1
-1.29504,0.4632,1.29504,1
-1.28611,0.084525,-0.66912,1
-1.28611,0.084525,0.669128,1
-1.28438,0.046875,0,1
-1.28438,0.046875,0,1
-1.28326,2.4,-0.2133,1
-1.28326,2.4,0.213304,1
-1.2805,2.482687,-0.66621,1
-1.2805,2.482687,0.666211,1
-1.2746,2.4408,0,1
-1.2746,2.4408,0,1
-1.27441,2.242575,-0.93527,1
-1.27441,2.242575,0.935276,1
-1.26783,0.046875,-0.21074,1
-1.26783,0.046875,0.21074,1
-1.26664,1.7748,-1.26664,1
-1.26664,1.7748,1.26664,1
-1.2634,2.4945,-0.65731,1
-1.2634,2.4945,0.657311,1
-1.25818,2.4408,0.209136,1
-1.25818,2.4408,-0.20913,1
-1.256,0.2136,0.921764,1
-1.256,0.2136,-0.92176,1
-1.24856,2.498438,-0.64959,1
-1.24856,2.498438,0.649591,1
-1.24578,2.4,-0.64814,1
-1.24578,2.4,0.648144,1
-1.2425,0.384375,-1.2425,1
-1.2425,0.384375,1.2425,1
-1.23706,2.4945,-0.6436,1
-1.23706,2.4945,0.643607,1
-1.23469,2.4,-0.41475,1
-1.23469,2.4,0.414752,1
-1.23325,2.435437,-0.64162,1
-1.23325,2.435437,0.641628,1
-1.23012,0.0648,-0.63999,1
-1.23012,0.0648,0.639996,1
-1.22996,2.482687,-0.63991,1
-1.22996,2.482687,0.639915,1
-1.22834,2.463,-0.63907,1
-1.22834,2.463,0.63907,1
-1.22525,0.177075,0.899195,1
-1.22525,0.177075,-0.89919,1
-1.21996,1.929525,1.219958,1
-1.21996,1.929525,-1.21995,1
-1.21985,0.046875,-0.40976,1
-1.21985,0.046875,0.409767,1
-1.21392,2.4,-0.89088,1
-1.21392,0.15,-0.89088,1
-1.21392,0.15,-0.89088,1
-1.21392,0.15,0.89088,1
-1.21392,0.15,0.89088,1
-1.21392,2.4,0.89088,1
-1.21107,0.127575,0.888786,1
-1.21107,0.127575,-0.88878,1
-1.21056,2.4408,0.406648,1
-1.21056,2.4408,-0.40664,1
-1.2048,2.4744,0,1
-1.2048,2.4744,0,1
-1.19838,0.1056,-0.87947,1
-1.19838,0.1056,0.879477,1
-1.198,2.435437,-0.87919,1
-1.198,2.435437,0.879195,1
-1.18996,0.3168,-1.18996,1
-1.18996,0.3168,1.18996,1
-1.18928,2.4744,-0.19768,1
-1.18928,2.4744,0.197684,1
-1.18784,0.9,-1.61856,1
-1.18784,0.9,-1.61856,1
-1.18784,0.9,1.61856,1
-1.18784,0.9,1.61856,1
-1.18353,1.037175,-1.61269,1
-1.18353,1.037175,1.612693,1
-1.18123,2.463,-0.86688,1
-1.18123,2.463,0.866886,1
-1.17953,0.771675,-1.60723,1
-1.17953,0.771675,1.60723,1
-1.17121,1.1784,-1.5959,1
-1.17121,1.1784,1.5959,1
-1.17008,2.0856,-1.17008,1
-1.17008,2.0856,1.17008,1
-1.16967,0.084525,-0.8584,1
-1.16967,0.084525,0.858407,1
-1.16457,2.482687,-0.85466,1
-1.16457,2.482687,0.854666,1
-1.15696,0.6564,-1.57647,1
-1.15696,0.6564,1.576477,1
-1.15679,2.4,-0.60184,1
-1.15679,2.4,0.601848,1
-1.15176,1.323225,-1.56939,1
-1.15176,1.323225,1.569396,1
-1.14902,2.4945,-0.84324,1
-1.14902,2.4945,0.843248,1
-1.14427,2.4744,-0.38437,1
-1.14427,2.4744,0.384379,1
-1.1436,0.0312,0,1
-1.1436,0.0312,0,1
-1.14289,0.046875,-0.59461,1
-1.14289,0.046875,0.594614,1
-1.14168,0.260025,1.14168,1
-1.14168,0.260025,-1.14168,1
-1.13552,2.498438,-0.83334,1
-1.13552,2.498438,0.833344,1
-1.13419,2.4408,0.590089,1
-1.13419,2.4408,-0.59008,1
-1.13299,2.4,-0.83148,1
-1.13299,2.4,0.831488,1
-1.12887,0.0312,-0.18764,1
-1.12887,0.0312,0.187642,1
-1.12607,1.4712,-1.53439,1
-1.12607,1.4712,1.534395,1
-1.12506,2.4945,-0.82566,1
-1.12506,2.4945,0.825668,1
-1.1237,0.553725,-1.53115,1
-1.1237,0.553725,1.531158,1
-1.1216,2.435437,-0.82312,1
-1.1216,2.435437,0.823129,1
-1.11875,0.0648,-0.82103,1
-1.11875,0.0648,0.821035,1
-1.11861,2.482687,-0.82093,1
-1.11861,2.482687,0.820931,1
-1.11807,2.242575,-1.11807,1
-1.11807,2.242575,1.118073,1
-1.11713,2.463,-0.81984,1
-1.11713,2.463,0.819847,1
-1.10192,0.2136,1.10192,1
-1.10192,0.2136,-1.10192,1
-1.1002,2.5026,0,1
-1.1002,2.5026,0,1
-1.09504,1.621875,-1.49211,1
-1.09504,1.621875,1.49211,1
-1.08615,0.0312,0.364854,1
-1.08615,0.0312,-0.36485,1
-1.08603,2.5026,0.180521,1
-1.08603,2.5026,-0.18052,1
-1.08331,0.4632,-1.47612,1
-1.08331,0.4632,1.476127,1
-1.07494,0.177075,-1.07494,1
-1.07494,0.177075,1.07494,1
-1.07208,2.4744,-0.55777,1
-1.07208,2.4744,0.557774,1
-1.065,2.4,-1.065,1
-1.065,0.15,-1.065,1
-1.065,0.15,1.065,1
-1.065,2.4,1.065,1
-1.0625,0.127575,1.062497,1
-1.0625,0.127575,-1.06249,1
-1.05955,1.7748,-1.44375,1
-1.05955,1.7748,1.443756,1
-1.05206,2.4,-0.77209,1
-1.05206,2.4,0.772096,1
-1.05137,0.1056,-1.05136,1
-1.05137,0.1056,1.051368,1
-1.05103,2.435437,-1.05103,1
-1.05103,2.435437,1.051031,1
-1.04493,2.5026,-0.351,1
-1.04493,2.5026,0.351008,1
-1.03942,0.046875,-0.76281,1
-1.03942,0.046875,0.762816,1
-1.03936,0.384375,-1.41624,1
-1.03936,0.384375,1.41624,1
-1.03632,2.463,-1.03631,1
-1.03632,2.463,1.036316,1
-1.03151,2.4408,0.75701,1
-1.03151,2.4408,-0.75701,1
-1.02618,0.084525,-1.02618,1
-1.02618,0.084525,1.026181,1
-1.02171,2.482687,-1.0217,1
-1.02171,2.482687,1.021708,1
-1.0205,1.929525,-1.39054,1
-1.0205,1.929525,1.390545,1
-1.01762,0.0312,0.529441,1
-1.01762,0.0312,-0.52944,1
-1.00806,2.4945,-1.00805,1
-1.00806,2.4945,1.008058,1
-0.99622,2.498438,-0.99621,1
-0.99622,2.498438,0.996219,1
-0.99541,0.3168,-1.35635,1
-0.99541,0.3168,1.356353,1
-0.994,2.4,-0.994,1
-0.994,2.4,0.994,1
-0.98704,2.4945,-0.98704,1
-0.98704,2.4945,0.987042,1
-0.98401,2.435437,-0.984,1
-0.98401,2.435437,0.984007,1
-0.9815,0.0648,0.981504,1
-0.9815,0.0648,-0.9815,1
-0.98138,2.482687,-0.98138,1
-0.98138,2.482687,0.98138,1
-0.98008,2.463,-0.98008,1
-0.98008,2.463,0.980084,1
-0.979,2.5026,0.509349,1
-0.979,2.5026,-0.50934,1
-0.97878,2.0856,-1.33369,1
-0.97878,2.0856,1.333693,1
-0.97502,2.4744,-0.71555,1
-0.97502,2.4744,0.715555,1
-0.9704,2.5272,0,1
-0.9704,2.5272,0,1
-0.9579,2.5272,-0.15922,1
-0.9579,2.5272,0.159223,1
-0.95502,0.260025,1.301322,1
-0.95502,0.260025,-1.30132,1
-0.95243,0.018225,0,1
-0.95243,0.018225,0,1
-0.94016,0.018225,0.156274,1
-0.94016,0.018225,-0.15627,1
-0.93528,2.242575,-1.27441,1
-0.93528,2.242575,1.274414,1
-0.92592,0.9,-1.77968,1
-0.92592,0.9,1.77968,1
-0.92592,0.9,1.77968,1
-0.92592,0.9,-1.77968,1
-0.92549,0.0312,0.679207,1
-0.92549,0.0312,-0.6792,1
-0.923,2.4,-0.923,1
-0.923,2.4,0.923,1
-0.92256,1.037175,1.773229,1
-0.92256,1.037175,-1.77322,1
-0.92176,0.2136,1.256003,1
-0.92176,0.2136,-1.256,1
-0.92165,2.5272,-0.30959,1
-0.92165,2.5272,0.309596,1
-0.91944,0.771675,-1.76722,1
-0.91944,0.771675,1.767222,1
-0.91296,1.1784,-1.75476,1
-0.91296,1.1784,1.754764,1
-0.91191,0.046875,-0.9119,1
-0.91191,0.046875,0.911906,1
-0.90497,2.4408,0.904966,1
-0.90497,2.4408,-0.90496,1
-0.90458,0.018225,0.303862,1
-0.90458,0.018225,-0.30386,1
-0.90185,0.6564,-1.7334,1
-0.90185,0.6564,1.733408,1
-0.8992,0.177075,1.22525,1
-0.8992,0.177075,-1.22525,1
-0.8978,1.323225,-1.72562,1
-0.8978,1.323225,1.725622,1
-0.89088,0.15,-1.21392,1
-0.89088,0.15,1.21392,1
-0.89088,2.4,-1.21392,1
-0.89088,0.15,-1.21392,1
-0.89088,0.15,1.21392,1
-0.89088,2.4,1.21392,1
-0.89037,2.5026,-0.65343,1
-0.89037,2.5026,0.653431,1
-0.88879,0.127575,1.211067,1
-0.88879,0.127575,-1.21106,1
-0.87948,0.1056,-1.19838,1
-0.87948,0.1056,1.198382,1
-0.8792,2.435437,-1.19799,1
-0.8792,2.435437,1.197997,1
-0.87777,1.4712,-1.68713,1
-0.87777,1.4712,1.687137,1
-0.87592,0.553725,-1.68357,1
-0.87592,0.553725,1.683577,1
-0.86689,2.463,-1.18122,1
-0.86689,2.463,1.181225,1
-0.8635,2.5272,-0.44925,1
-0.8635,2.5272,0.449256,1
-0.85841,0.084525,-1.16967,1
-0.85841,0.084525,1.169673,1
-0.85541,2.4744,-0.8554,1
-0.85541,2.4744,0.855408,1
-0.85467,2.482687,-1.16457,1
-0.85467,2.482687,1.164574,1
-0.85358,1.621875,-1.64064,1
-0.85358,1.621875,1.640643,1
-0.84751,0.018225,-0.44093,1
-0.84751,0.018225,0.440935,1
-0.84444,0.4632,1.623068,1
-0.84444,0.4632,-1.62306,1
-0.84325,2.4945,-1.14901,1
-0.84325,2.4945,1.149016,1
-0.83334,2.498438,-1.13552,1
-0.83334,2.498438,1.135521,1
-0.83149,2.4,-1.13299,1
-0.83149,2.4,1.132992,1
-0.82592,1.7748,1.587475,1
-0.82592,1.7748,-1.58747,1
-0.82567,2.4945,-1.12506,1
-0.82567,2.4945,1.125061,1
-0.825,2.55,0,1
-0.825,2.55,0,1
-0.82313,2.435437,-1.1216,1
-0.82313,2.435437,1.121601,1
-0.82104,0.0648,1.118749,1
-0.82104,0.0648,-1.11874,1
-0.82093,2.482687,1.118607,1
-0.82093,2.482687,-1.1186,1
-0.81985,2.463,-1.11713,1
-0.81985,2.463,1.11713,1
-0.81437,2.55,-0.13536,1
-0.81437,2.55,0.135366,1
-0.81196,0.0312,0.811956,1
-0.81196,0.0312,-0.81195,1
-0.81018,0.384375,1.55722,1
-0.81018,0.384375,-1.55722,1
-0.79548,1.929525,1.528968,1
-0.79548,1.929525,-1.52896,1
-0.78533,2.5272,-0.57634,1
-0.78533,2.5272,0.57634,1
-0.78355,2.55,-0.2632,1
-0.78355,2.55,0.263208,1
-0.78114,2.5026,-0.78114,1
-0.78114,2.5026,0.781142,1
-0.77592,0.3168,-1.49137,1
-0.77592,0.3168,1.491372,1
-0.7721,2.4,-1.05206,1
-0.7721,2.4,1.052064,1
-0.77078,0.018225,0.565664,1
-0.77078,0.018225,-0.56566,1
-0.76296,2.0856,-1.46645,1
-0.76296,2.0856,1.466456,1
-0.76282,0.046875,-1.03941,1
-0.76282,0.046875,1.039419,1
-0.75701,2.4408,1.031508,1
-0.75701,2.4408,-1.0315,1
-0.74444,0.260025,1.430863,1
-0.74444,0.260025,-1.43086,1
-0.73412,2.55,-0.38194,1
-0.73412,2.55,0.381942,1
-0.72905,2.242575,-1.40127,1
-0.72905,2.242575,1.401276,1
-0.71851,0.2136,1.381032,1
-0.71851,0.2136,-1.38103,1
-0.71556,2.4744,-0.97502,1
-0.71556,2.4744,0.975021,1
-0.7032,0.0084,0,1
-0.70092,0.177075,1.347218,1
-0.70092,0.177075,-1.34721,1
-0.69444,0.15,-1.33476,1
-0.69444,0.15,1.33476,1
-0.69444,2.4,1.33476,1
-0.69444,0.15,1.33476,1
-0.69444,2.4,-1.33476,1
-0.69444,0.15,-1.33476,1
-0.69414,0.0084,-0.11538,1
-0.69414,0.0084,0.115381,1
-0.69281,0.127575,1.331623,1
-0.69281,0.127575,-1.33162,1
-0.68898,2.5272,-0.68898,1
-0.68898,2.5272,0.688984,1
-0.68555,0.1056,-1.31767,1
-0.68555,0.1056,1.317675,1
-0.68533,2.435437,-1.31725,1
-0.68533,2.435437,1.317252,1
-0.67921,0.0312,-0.92549,1
-0.67921,0.0312,0.925493,1
-0.67622,0.018225,0.676222,1
-0.67622,0.018225,-0.67622,1
-0.67574,2.463,-1.29881,1
-0.67574,2.463,1.29881,1
-0.6736,2.5728,0,1
-0.6736,2.5728,0,1
-0.66913,0.084525,-1.2861,1
-0.66913,0.084525,1.286108,1
-0.66787,0.0084,-0.22434,1
-0.66787,0.0084,0.224349,1
-0.66766,2.55,-0.48998,1
-0.66766,2.55,0.489984,1
-0.66621,2.482687,1.280502,1
-0.66621,2.482687,-1.2805,1
-0.66492,2.5728,-0.11052,1
-0.66492,2.5728,0.110524,1
-0.65731,2.4945,-1.26339,1
-0.65731,2.4945,1.263395,1
-0.65343,2.5026,-0.89037,1
-0.65343,2.5026,0.89037,1
-0.64959,2.498438,-1.24855,1
-0.64959,2.498438,1.248557,1
-0.64814,2.4,-1.24577,1
-0.64814,2.4,1.245776,1
-0.64361,2.4945,-1.23705,1
-0.64361,2.4945,1.237056,1
-0.64163,2.435437,-1.23325,1
-0.64163,2.435437,1.233252,1
-0.64,0.0648,-1.23011,1
-0.64,0.0648,1.230115,1
-0.63992,2.482687,1.229959,1
-0.63992,2.482687,-1.22995,1
-0.63976,2.5728,-0.2149,1
-0.63976,2.5728,0.214905,1
-0.63907,2.463,-1.22833,1
-0.63907,2.463,1.228335,1
-0.63808,0.9,-1.89952,1
-0.63808,0.9,-1.89952,1
-0.63808,0.9,1.89952,1
-0.63808,0.9,1.89952,1
-0.63577,1.037175,-1.89263,1
-0.63577,1.037175,1.892634,1
-0.63361,0.771675,-1.88622,1
-0.63361,0.771675,1.886223,1
-0.62915,1.1784,-1.87292,1
-0.62915,1.1784,1.872927,1
-0.62574,0.0084,0.325553,1
-0.62574,0.0084,-0.32555,1
-0.62149,0.6564,-1.85013,1
-0.62149,0.6564,1.850132,1
-0.6187,1.323225,-1.84182,1
-0.6187,1.323225,1.841822,1
-0.6049,1.4712,-1.80074,1
-0.6049,1.4712,1.800745,1
-0.60362,0.553725,-1.79694,1
-0.60362,0.553725,1.796946,1
-0.60185,2.4,-1.15679,1
-0.60185,2.4,1.156792,1
-0.5994,2.5728,-0.31185,1
-0.5994,2.5728,0.31185,1
-0.59461,0.046875,-1.14288,1
-0.59461,0.046875,1.142888,1
-0.59009,2.4408,1.13419,1
-0.59009,2.4408,-1.13419,1
-0.58823,1.621875,-1.75112,1
-0.58823,1.621875,1.75112,1
-0.58575,2.55,-0.58575,1
-0.58575,2.55,0.58575,1
-0.58193,0.4632,-1.73236,1
-0.58193,0.4632,1.732362,1
-0.57634,2.5272,-0.78532,1
-0.57634,2.5272,0.785325,1
-0.56917,1.7748,-1.69437,1
-0.56917,1.7748,1.694372,1
-0.56909,0.0084,-0.41764,1
-0.56909,0.0084,0.417645,1
-0.56566,0.018225,0.770779,1
-0.56566,0.018225,-0.77077,1
-0.55832,0.384375,-1.66208,1
-0.55832,0.384375,1.66208,1
-0.55777,2.4744,-1.07207,1
-0.55777,2.4744,1.072079,1
-0.54819,1.929525,-1.63192,1
-0.54819,1.929525,1.631925,1
-0.54513,2.5728,-0.40006,1
-0.54513,2.5728,0.400065,1
-0.53471,0.3168,-1.59179,1
-0.53471,0.3168,1.591798,1
-0.52944,0.0312,-1.01762,1
-0.52944,0.0312,1.017621,1
-0.5258,2.5974,0,1
-0.5258,2.5974,0,1
-0.52578,2.0856,-1.5652,1
-0.52578,2.0856,1.565204,1
-0.51903,2.5974,0.086273,1
-0.51903,2.5974,-0.08627,1
-0.51302,0.260025,-1.52721,1
-0.51302,0.260025,1.527214,1
-0.50935,2.5026,0.979002,1
-0.50935,2.5026,-0.979,1
-0.50241,2.242575,-1.49563,1
-0.50241,2.242575,1.495635,1
-0.49938,2.5974,-0.16775,1
-0.49938,2.5974,0.167751,1
-0.49927,0.0084,-0.49927,1
-0.49927,0.0084,0.499272,1
-0.49515,0.2136,-1.47402,1
-0.49515,0.2136,1.474028,1
-0.48998,2.55,-0.66765,1
-0.48998,2.55,0.667656,1
-0.48303,0.177075,-1.43793,1
-0.48303,0.177075,1.437937,1
-0.47856,0.15,1.42464,1
-0.47856,2.4,-1.42464,1
-0.47856,0.15,-1.42464,1
-0.47856,0.15,-1.42464,1
-0.47856,0.15,1.42464,1
-0.47856,2.4,1.42464,1
-0.47826,2.5728,-0.47825,1
-0.47826,2.5728,0.478256,1
-0.47744,0.127575,1.421292,1
-0.47744,0.127575,-1.42129,1
-0.47243,0.1056,1.406405,1
-0.47243,0.1056,-1.4064,1
-0.47228,2.435437,-1.40595,1
-0.47228,2.435437,1.405953,1
-0.46788,2.5974,-0.24342,1
-0.46788,2.5974,0.243424,1
-0.46567,2.463,-1.38627,1
-0.46567,2.463,1.38627,1
-0.46112,0.084525,1.372712,1
-0.46112,0.084525,-1.37271,1
-0.45911,2.482687,-1.36672,1
-0.45911,2.482687,1.366728,1
-0.45297,2.4945,-1.34846,1
-0.45297,2.4945,1.348469,1
-0.44926,2.5272,-0.8635,1
-0.44926,2.5272,0.863501,1
-0.44765,2.498438,-1.33263,1
-0.44765,2.498438,1.332632,1
-0.44666,2.4,-1.32966,1
-0.44666,2.4,1.329664,1
-0.44353,2.4945,-1.32035,1
-0.44353,2.4945,1.320356,1
-0.44217,2.435437,-1.31629,1
-0.44217,2.435437,1.316296,1
-0.44104,0.0648,1.312948,1
-0.44104,0.0648,-1.31294,1
-0.44099,2.482687,-1.31278,1
-0.44099,2.482687,1.312782,1
-0.44094,0.018225,0.847506,1
-0.44094,0.018225,-0.8475,1
-0.4404,2.463,-1.31104,1
-0.4404,2.463,1.311049,1
-0.42552,2.5974,0.312283,1
-0.42552,2.5974,-0.31228,1
-0.41765,0.0084,-0.56908,1
-0.41765,0.0084,0.569086,1
-0.41475,2.4,-1.23468,1
-0.41475,2.4,1.234688,1
-0.40977,0.046875,1.219848,1
-0.40977,0.046875,-1.21984,1
-0.40665,2.4408,-1.21056,1
-0.40665,2.4408,1.210564,1
-0.40007,2.5728,-0.54513,1
-0.40007,2.5728,0.545131,1
-0.3912,2.6256,0,1
-0.3912,2.6256,0,1
-0.38828,0.002175,0,1
-0.38828,0.002175,0,1
-0.38616,2.6256,-0.06418,1
-0.38616,2.6256,0.064188,1
-0.38438,2.4744,-1.14427,1
-0.38438,2.4744,1.144271,1
-0.38327,0.002175,-0.0637,1
-0.38327,0.002175,0.063708,1
-0.38194,2.55,-0.73411,1
-0.38194,2.55,0.734118,1
-0.37332,2.5974,-0.37331,1
-0.37332,2.5974,0.373318,1
-0.37155,2.6256,-0.1248,1
-0.37155,2.6256,0.124808,1
-0.36877,0.002175,-0.12387,1
-0.36877,0.002175,0.123875,1
-0.36485,0.0312,1.086146,1
-0.36485,0.0312,-1.08614,1
-0.3584,3.0348,0,1
-0.3584,3.0348,0,1
-0.3582,3.08115,0,1
-0.3582,3.08115,0,1
-0.35381,3.0348,-0.05901,1
-0.35381,3.0348,0.059016,1
-0.35361,3.08115,-0.05898,1
-0.35361,3.08115,0.058988,1
-0.35101,2.5026,-1.04492,1
-0.35101,2.5026,1.044926,1
-0.34811,2.6256,-0.18111,1
-0.34811,2.6256,0.18111,1
-0.3455,0.002175,-0.17975,1
-0.3455,0.002175,0.179756,1
-0.34048,3.0348,-0.11467,1
-0.34048,3.0348,0.114676,1
-0.34029,3.08115,-0.11461,1
-0.34029,3.08115,0.114619,1
-0.32816,0.9,-1.97424,1
-0.32816,0.9,1.97424,1
-0.32816,0.9,1.97424,1
-0.32697,1.037175,-1.96708,1
-0.32697,1.037175,1.967083,1
-0.32586,0.771675,-1.96042,1
-0.32586,0.771675,1.96042,1
-0.32555,0.0084,-0.62573,1
-0.32555,0.0084,0.625735,1
-0.325,2.98125,0,1
-0.325,2.98125,0,1
-0.32357,1.1784,-1.9466,1
-0.32357,1.1784,1.946601,1
-0.32083,2.98125,-0.0535,1
-0.32083,2.98125,0.053508,1
-0.31963,0.6564,-1.92291,1
-0.31963,0.6564,1.92291,1
-0.31908,3.0348,-0.1663,1
-0.31908,3.0348,0.166306,1
-0.31891,3.08115,-0.16622,1
-0.31891,3.08115,0.166221,1
-0.31819,1.323225,-1.91427,1
-0.31819,1.323225,1.914272,1
-0.31659,2.6256,-0.23234,1
-0.31659,2.6256,0.232342,1
-0.31422,0.002175,-0.2306,1
-0.31422,0.002175,0.230604,1
-0.31228,2.5974,-0.42551,1
-0.31228,2.5974,0.425519,1
-0.31185,2.5728,-0.59939,1
-0.31185,2.5728,0.599396,1
-0.3111,1.4712,-1.87158,1
-0.3111,1.4712,1.87158,1
-0.31044,0.553725,-1.86763,1
-0.31044,0.553725,1.867631,1
-0.3096,2.5272,-0.92164,1
-0.3096,2.5272,0.921647,1
-0.3088,3.1176,0,1
-0.3088,3.1176,0,1
-0.30874,2.98125,-0.10397,1
-0.30874,2.98125,0.103976,1
-0.30484,3.1176,-0.05085,1
-0.30484,3.1176,0.050855,1
-0.30386,0.018225,0.904575,1
-0.30386,0.018225,-0.90457,1
-0.30252,1.621875,-1.82,1
-0.30252,1.621875,1.820003,1
-0.29928,0.4632,-1.8005,1
-0.29928,0.4632,1.800507,1
-0.29336,3.1176,-0.09881,1
-0.29336,3.1176,0.098814,1
-0.29272,1.7748,-1.76102,1
-0.29272,1.7748,1.761022,1
-0.2903,3.0348,-0.21323,1
-0.2903,3.0348,0.213234,1
-0.29014,3.08115,-0.21312,1
-0.29014,3.08115,0.213123,1
-0.28934,2.98125,-0.15079,1
-0.28934,2.98125,0.150793,1
-0.28714,0.384375,-1.72746,1
-0.28714,0.384375,1.72746,1
-0.28193,1.929525,1.696119,1
-0.28193,1.929525,-1.69611,1
-0.2794,2.6592,0,1
-0.27775,2.6256,-0.27775,1
-0.27775,2.6256,0.277752,1
-0.2758,2.6592,-0.04584,1
-0.2758,2.6592,0.045844,1
-0.27568,0.002175,-0.27567,1
-0.27568,0.002175,0.275675,1
-0.275,0.3168,-1.65441,1
-0.275,0.3168,1.654413,1
-0.27493,3.1176,-0.1433,1
-0.27493,3.1176,0.143301,1
-0.2736,2.9232,0,1
-0.2736,2.9232,0,1
-0.2704,2.0856,-1.62677,1
-0.2704,2.0856,1.626774,1
-0.27009,2.9232,-0.04503,1
-0.27009,2.9232,0.045032,1
-0.26536,2.6592,-0.08914,1
-0.26536,2.6592,0.08914,1
-0.26384,0.260025,1.587289,1
-0.26384,0.260025,-1.58728,1
-0.26323,2.98125,-0.19334,1
-0.26323,2.98125,0.193348,1
-0.26321,2.55,-0.78355,1
-0.26321,2.55,0.783552,1
-0.25991,2.9232,-0.08751,1
-0.25991,2.9232,0.087511,1
-0.25839,2.242575,-1.55446,1
-0.25839,2.242575,1.554467,1
-0.25479,3.0348,-0.25478,1
-0.25479,3.0348,0.254788,1
-0.25465,3.08115,-0.25465,1
-0.25465,3.08115,0.254653,1
-0.25465,0.2136,-1.53201,1
-0.25465,0.2136,1.53201,1
-0.25013,3.1176,-0.18373,1
-0.25013,3.1176,0.183734,1
-0.24862,2.6592,0.129351,1
-0.24862,2.6592,-0.12935,1
-0.24842,0.177075,-1.4945,1
-0.24842,0.177075,1.4945,1
-0.24612,0.15,1.48068,1
-0.24612,2.4,-1.48068,1
-0.24612,0.15,-1.48068,1
-0.24612,0.15,-1.48068,1
-0.24612,0.15,1.48068,1
-0.24612,2.4,1.48068,1
-0.24554,0.127575,1.4772,1
-0.24554,0.127575,-1.4772,1
-0.24357,2.9232,-0.12692,1
-0.24357,2.9232,0.12692,1
-0.24342,2.5974,0.467878,1
-0.24342,2.5974,-0.46787,1
-0.24297,0.1056,1.461727,1
-0.24297,0.1056,-1.46172,1
-0.24289,2.435437,-1.46125,1
-0.24289,2.435437,1.461258,1
-0.23949,2.463,-1.4408,1
-0.23949,2.463,1.4408,1
-0.23715,0.084525,1.426709,1
-0.23715,0.084525,-1.4267,1
-0.23612,2.482687,-1.42049,1
-0.23612,2.482687,1.42049,1
-0.23296,2.4945,-1.40151,1
-0.23296,2.4945,1.401513,1
-0.23234,2.6256,-0.31659,1
-0.23234,2.6256,0.31659,1
-0.23103,2.98125,-0.23103,1
-0.23103,2.98125,0.231031,1
-0.2306,0.002175,-0.31422,1
-0.2306,0.002175,0.314223,1
-0.23023,2.498438,-1.38505,1
-0.23023,2.498438,1.385053,1
-0.22971,2.4,-1.38196,1
-0.22971,2.4,1.381968,1
-0.2281,2.4945,-1.37229,1
-0.2281,2.4945,1.372294,1
-0.2274,2.435437,-1.36807,1
-0.2274,2.435437,1.368074,1
-0.22682,0.0648,1.364595,1
-0.22682,0.0648,-1.36459,1
-0.2268,2.482687,1.364422,1
-0.2268,2.482687,-1.36442,1
-0.2265,2.463,-1.36262,1
-0.2265,2.463,1.36262,1
-0.22611,2.6592,-0.16594,1
-0.22611,2.6592,0.165941,1
-0.22435,0.0084,0.667871,1
-0.22435,0.0084,-0.66787,1
-0.22159,2.9232,-0.16274,1
-0.22159,2.9232,0.162745,1
-0.2198,2.86335,0,1
-0.2198,2.86335,0,1
-0.21954,3.1176,-0.21953,1
-0.21954,3.1176,0.219536,1
-0.21698,2.86335,0.036157,1
-0.21698,2.86335,-0.03615,1
-0.21491,2.5728,-0.63975,1
-0.21491,2.5728,0.639758,1
-0.2133,2.4,-1.28325,1
-0.2133,2.4,1.283256,1
-0.21323,3.0348,-0.29029,1
-0.21323,3.0348,0.290295,1
-0.21312,3.08115,-0.29013,1
-0.21312,3.08115,0.290138,1
-0.21074,0.046875,-1.26783,1
-0.21074,0.046875,1.267832,1
-0.20914,2.4408,-1.25818,1
-0.20914,2.4408,1.258183,1
-0.20879,2.86335,0.07027,1
-0.20879,2.86335,-0.07027,1
-0.2,2.7,0,1
-0.2,2.7,0,1
-0.2,2.7,0,1
-0.2,2.7,0,1
-0.19837,2.6592,-0.19837,1
-0.19837,2.6592,0.198374,1
-0.19768,2.4744,-1.18928,1
-0.19768,2.4744,1.189282,1
-0.19742,2.7,-0.03281,1
-0.19742,2.7,0.032816,1
-0.19742,2.7,0.032816,1
-0.19742,2.7,-0.03281,1
-0.19566,2.86335,-0.10192,1
-0.19566,2.86335,0.101925,1
-0.1946,3.14145,0,1
-0.1946,3.14145,0,1
-0.19447,2.9232,-0.19447,1
-0.19447,2.9232,0.194472,1
-0.19335,2.98125,-0.26323,1
-0.19335,2.98125,0.263232,1
-0.19211,3.14145,-0.03204,1
-0.19211,3.14145,0.032048,1
-0.18995,2.7,-0.0638,1
-0.18995,2.7,0.063808,1
-0.18995,2.7,0.063808,1
-0.18995,2.7,-0.0638,1
-0.18764,0.0312,1.12887,1
-0.18764,0.0312,-1.12887,1
-0.18487,3.14145,-0.06227,1
-0.18487,3.14145,0.062272,1
-0.18373,3.1176,-0.25012,1
-0.18373,3.1176,0.250127,1
-0.18111,2.6256,0.348105,1
-0.18111,2.6256,-0.3481,1
-0.18052,2.5026,-1.08602,1
-0.18052,2.5026,1.086029,1
-0.17976,0.002175,-0.3455,1
-0.17976,0.002175,0.345503,1
-0.1792,2.8044,0,1
-0.1792,2.8044,0,1
-0.17799,2.86335,-0.1307,1
-0.17799,2.86335,0.130707,1
-0.17797,2.7,-0.09259,1
-0.17797,2.7,0.092592,1
-0.17797,2.7,0.092592,1
-0.17797,2.7,-0.09259,1
-0.1769,2.8044,0.02945,1
-0.1769,2.8044,-0.02945,1
-0.17326,3.14145,-0.0903,1
-0.17326,3.14145,0.090306,1
-0.17022,2.8044,0.057246,1
-0.17022,2.8044,-0.05724,1
-0.16775,2.5974,-0.49938,1
-0.16775,2.5974,0.499384,1
-0.1674,2.74905,0,1
-0.1674,2.74905,0,1
-0.16631,3.0348,-0.31908,1
-0.16631,3.0348,0.319082,1
-0.16622,3.08115,0.318907,1
-0.16622,3.08115,-0.3189,1
-0.16594,2.6592,-0.22611,1
-0.16594,2.6592,0.226113,1
-0.16525,2.74905,0.02748,1
-0.16525,2.74905,-0.02748,1
-0.16275,2.9232,-0.22158,1
-0.16275,2.9232,0.221585,1
-0.16186,2.7,-0.11878,1
-0.16186,2.7,0.118784,1
-0.16186,2.7,0.118784,1
-0.16186,2.7,-0.11878,1
-0.1595,2.8044,0.083047,1
-0.1595,2.8044,-0.08304,1
-0.15922,2.5272,-0.9579,1
-0.15922,2.5272,0.957901,1
-0.159,2.74905,0.053428,1
-0.159,2.74905,-0.05342,1
-0.15763,3.14145,-0.11578,1
-0.15763,3.14145,0.115787,1
-0.15627,0.018225,0.940158,1
-0.15627,0.018225,-0.94015,1
-0.1562,2.86335,-0.1562,1
-0.1562,2.86335,0.1562,1
-0.15079,2.98125,-0.28934,1
-0.15079,2.98125,0.28934,1
-0.14897,2.74905,0.077523,1
-0.14897,2.74905,-0.07752,1
-0.14508,2.8044,0.106513,1
-0.14508,2.8044,-0.10651,1
-0.1433,3.1176,-0.27492,1
-0.1433,3.1176,0.274928,1
-0.142,2.7,-0.142,1
-0.142,2.7,0.142,1
-0.142,2.7,0.142,1
-0.142,2.7,-0.142,1
-0.13835,3.14145,-0.13834,1
-0.13835,3.14145,0.138348,1
-0.13549,2.74905,0.099446,1
-0.13549,2.74905,-0.09944,1
-0.13537,2.55,-0.81437,1
-0.13537,2.55,0.814374,1
-0.13071,2.86335,-0.17798,1
-0.13071,2.86335,0.177989,1
-0.12935,2.6592,0.248621,1
-0.12935,2.6592,-0.24862,1
-0.1273,2.8044,0.127304,1
-0.1273,2.8044,-0.1273,1
-0.12692,2.9232,-0.24356,1
-0.12692,2.9232,0.243569,1
-0.12481,2.6256,-0.37154,1
-0.12481,2.6256,0.371546,1
-0.12388,0.002175,0.368768,1
-0.12388,0.002175,-0.36876,1
-0.11887,2.74905,0.118874,1
-0.11887,2.74905,-0.11887,1
-0.11878,2.7,-0.16185,1
-0.11878,2.7,0.161856,1
-0.11878,2.7,0.161856,1
-0.11878,2.7,-0.16185,1
-0.11579,3.14145,-0.15762,1
-0.11579,3.14145,0.157626,1
-0.11538,0.0084,0.694143,1
-0.11538,0.0084,-0.69414,1
-0.11468,3.0348,-0.34047,1
-0.11468,3.0348,0.340477,1
-0.11462,3.08115,-0.34028,1
-0.11462,3.08115,0.340289,1
-0.11052,2.5728,-0.66492,1
-0.11052,2.5728,0.664924,1
-0.10651,2.8044,-0.14507,1
-0.10651,2.8044,0.145078,1
-0.10398,2.98125,-0.30874,1
-0.10398,2.98125,0.308744,1
-0.10193,2.86335,-0.19565,1
-0.10193,2.86335,0.195658,1
-0.09945,2.74905,0.135489,1
-0.09945,2.74905,-0.13548,1
-0.09881,3.1176,-0.29336,1
-0.09881,3.1176,0.29336,1
-0.09259,2.7,-0.17796,1
-0.09259,2.7,0.177968,1
-0.09259,2.7,-0.17796,1
-0.09259,2.7,0.177968,1
-0.09031,3.14145,-0.17325,1
-0.09031,3.14145,0.173255,1
-0.08914,2.6592,-0.26536,1
-0.08914,2.6592,0.265363,1
-0.08751,2.9232,-0.25991,1
-0.08751,2.9232,0.25991,1
-0.08627,2.5974,-0.51902,1
-0.08627,2.5974,0.519028,1
-0.08305,2.8044,-0.15949,1
-0.08305,2.8044,0.159496,1
-0.07752,2.74905,-0.14896,1
-0.07752,2.74905,0.148969,1
-0.07027,2.86335,-0.20879,1
-0.07027,2.86335,0.208794,1
-0.06419,2.6256,-0.38616,1
-0.06419,2.6256,0.386161,1
-0.06381,2.7,-0.18995,1
-0.06381,2.7,0.189952,1
-0.06381,2.7,-0.18995,1
-0.06381,2.7,0.189952,1
-0.06371,0.002175,0.383274,1
-0.06371,0.002175,-0.38327,1
-0.06227,3.14145,-0.18487,1
-0.06227,3.14145,0.18487,1
-0.05902,3.0348,-0.3538,1
-0.05902,3.0348,0.353807,1
-0.05899,3.08115,-0.35361,1
-0.05899,3.08115,0.35361,1
-0.05725,2.8044,-0.17021,1
-0.05725,2.8044,0.170215,1
-0.05351,2.98125,-0.32083,1
-0.05351,2.98125,0.320834,1
-0.05343,2.74905,-0.15899,1
-0.05343,2.74905,0.158995,1
-0.05086,3.1176,-0.30484,1
-0.05086,3.1176,0.304843,1
-0.04584,2.6592,-0.2758,1
-0.04584,2.6592,0.275801,1
-0.04503,2.9232,-0.27009,1
-0.04503,2.9232,0.270092,1
-0.03616,2.86335,-0.21697,1
-0.03616,2.86335,0.216979,1
-0.03282,2.7,-0.19742,1
-0.03282,2.7,0.197424,1
-0.03282,2.7,-0.19742,1
-0.03282,2.7,0.197424,1
-0.03205,3.14145,-0.1921,1
-0.03205,3.14145,0.192107,1
-0.02945,2.8044,-0.17689,1
-0.02945,2.8044,0.176897,1
-0.02748,2.74905,-0.16524,1
-0.02748,2.74905,0.165245,1
0,0.260025,1.608,1
0,1.929525,1.71825,1
0,2.0856,-1.648,1
0,0.6564,-1.948,1
0,0.771675,-1.986,1
0,2.482687,1.382225,1
0,2.7,-0.2,1
0,0.127575,1.496475,1
0,2.4744,-1.2048,1
0,2.74905,-0.1674,1
0,0.018225,0.952425,1
0,0.046875,-1.28437,1
0,0.0648,1.3824,1
0,0.384375,1.75,1
0,0.4632,1.824,1
0,0.553725,-1.892,1
0,1.037175,1.99275,1
0,1.1784,1.972,1
0,1.323225,-1.93925,1
0,1.621875,-1.84375,1
0,1.7748,1.784,1
0,2.4,-1.3,1
0,2.435437,-1.48032,1
0,2.435437,-1.38592,1
0,2.463,-1.4596,1
0,2.463,-1.3804,1
0,2.4945,-1.3902,1
0,2.5026,-1.1002,1
0,2.8044,-0.1792,1
0,2.86335,-0.2198,1
0,2.5728,-0.6736,1
0,0.1056,1.4808,1
0,0.177075,-1.514,1
0,2.4945,-1.4198,1
0,2.5272,-0.9704,1
0,2.9232,-0.2736,1
0,3.1176,-0.3088,1
0,2.5974,-0.5258,1
0,2.7,-0.2,1
0,2.98125,-0.325,1
0,3.14145,-0.1946,1
0,0.002175,0.388275,1
0,3.08115,-0.3582,1
0,0,0,1
0,0.002175,-0.388275,1
0,0.002175,0.388275,1
0,0.0084,-0.7032,1
0,0.0084,0.7032,1
0,0.018225,-0.952425,1
0,0.018225,0.952425,1
0,0.0312,-1.1436,1
0,0.0312,-1.1436,1
0,0.0312,1.1436,1
0,0.0312,1.1436,1
0,0.046875,-1.284375,1
0,0.046875,1.284375,1
0,0.0648,-1.3824,1
0,0.0648,1.3824,1
0,0.084525,-1.445325,1
0,0.084525,-1.445325,1
0,0.084525,1.445325,1
0,0.084525,1.445325,1
0,0.1056,-1.4808,1
0,0.1056,1.4808,1
0,0.127575,-1.496475,1
0,0.127575,1.496475,1
0,0.15,-1.5,1
0,0.15,-1.5,1
0,0.15,1.5,1
0,0.15,1.5,1
0,0.177075,-1.514,1
0,0.177075,1.514,1
0,0.2136,-1.552,1
0,0.2136,-1.552,1
0,0.2136,1.552,1
0,0.2136,1.552,1
0,0.260025,-1.608,1
0,0.260025,1.608,1
0,0.3168,-1.676,1
0,0.3168,-1.676,1
0,0.3168,1.676,1
0,0.3168,1.676,1
0,0.384375,-1.75,1
0,0.384375,1.75,1
0,0.4632,-1.824,1
0,0.4632,1.824,1
0,0.553725,-1.892,1
0,0.553725,1.892,1
0,0.6564,-1.948,1
0,0.6564,1.948,1
0,0.771675,-1.986,1
0,0.771675,1.986,1
0,0.9,-2,1
0,0.9,-2,1
0,0.9,2,1
0,0.9,2,1
0,1.037175,-1.99275,1
0,1.037175,1.99275,1
0,1.1784,-1.972,1
0,1.1784,1.972,1
0,1.323225,-1.93925,1
0,1.323225,1.93925,1
0,1.4712,-1.896,1
0,1.4712,-1.896,1
0,1.4712,1.896,1
0,1.4712,1.896,1
0,1.621875,-1.84375,1
0,1.621875,1.84375,1
0,1.7748,-1.784,1
0,1.7748,1.784,1
0,1.929525,-1.71825,1
0,1.929525,1.71825,1
0,2.0856,-1.648,1
0,2.0856,1.648,1
0,2.242575,-1.57475,1
0,2.242575,-1.57475,1
0,2.242575,1.57475,1
0,2.242575,1.57475,1
0,2.4,-1.5,1
0,2.4,-1.5,1
0,2.4,-1.4,1
0,2.4,-1.4,1
0,2.4,-1.3,1
0,2.4,1.3,1
0,2.4,1.4,1
0,2.4,1.4,1
0,2.4,1.5,1
0,2.4,1.5,1
0,2.435437,-1.480325,1
0,2.435437,-1.385925,1
0,2.435437,1.385925,1
0,2.435437,1.480325,1
0,2.4408,-1.2746,1
0,2.4408,-1.2746,1
0,2.4408,1.2746,1
0,2.4408,1.2746,1
0,2.463,-1.4596,1
0,2.463,-1.3804,1
0,2.463,1.3804,1
0,2.463,1.4596,1
0,2.4744,-1.2048,1
0,2.4744,1.2048,1
0,2.482687,-1.439025,1
0,2.482687,-1.382225,1
0,2.482687,1.382225,1
0,2.482687,1.439025,1
0,2.4945,-1.4198,1
0,2.4945,-1.3902,1
0,2.4945,1.3902,1
0,2.4945,1.4198,1
0,2.498438,-1.403125,1
0,2.498438,-1.403125,1
0,2.498438,1.403125,1
0,2.498438,1.403125,1
0,2.5026,-1.1002,1
0,2.5026,1.1002,1
0,2.5272,-0.9704,1
0,2.5272,0.9704,1
0,2.55,-0.825,1
0,2.55,-0.825,1
0,2.55,0.825,1
0,2.55,0.825,1
0,2.5728,-0.6736,1
0,2.5728,0.6736,1
0,2.5974,-0.5258,1
0,2.5974,0.5258,1
0,2.6256,-0.3912,1
0,2.6256,-0.3912,1
0,2.6256,0.3912,1
0,2.6256,0.3912,1
0,2.6592,-0.2794,1
0,2.6592,0.2794,1
0,2.7,-0.2,1
0,2.7,-0.2,1
0,2.7,0.2,1
0,2.7,0.2,1
0,2.74905,-0.1674,1
0,2.74905,0.1674,1
0,2.8044,-0.1792,1
0,2.8044,0.1792,1
0,2.86335,-0.2198,1
0,2.86335,0.2198,1
0,2.9232,-0.2736,1
0,2.9232,0.2736,1
0,2.98125,-0.325,1
0,2.98125,0.325,1
0,3.0348,-0.3584,1
0,3.0348,-0.3584,1
0,3.0348,0.3584,1
0,3.0348,0.3584,1
0,3.08115,-0.3582,1
0,3.08115,0.3582,1
0,3.1176,-0.3088,1
0,3.1176,0.3088,1
0,3.14145,-0.1946,1
0,3.14145,0.1946,1
0,3.15,0,1
0,0.002175,-0.388275,1
0,3.08115,0.3582,1
0,2.5974,0.5258,1
0,2.7,0.2,1
0,2.98125,0.325,1
0,3.14145,0.1946,1
0,3.1176,0.3088,1
0,0.1056,-1.4808,1
0,0.177075,1.514,1
0,2.4945,1.4198,1
0,2.5272,0.9704,1
0,2.9232,0.2736,1
0,2.5728,0.6736,1
0,2.86335,0.2198,1
0,0.018225,-0.952425,1
0,0.046875,1.284375,1
0,0.0648,-1.3824,1
0,0.384375,-1.75,1
0,0.4632,-1.824,1
0,0.553725,1.892,1
0,1.037175,-1.99275,1
0,1.1784,-1.972,1
0,1.323225,1.93925,1
0,1.621875,1.84375,1
0,1.7748,-1.784,1
0,2.4,1.3,1
0,2.435437,1.385925,1
0,2.435437,1.480325,1
0,2.463,1.3804,1
0,2.463,1.4596,1
0,2.4945,1.3902,1
0,2.5026,1.1002,1
0,2.8044,0.1792,1
0,2.74905,0.1674,1
0,0.127575,-1.496475,1
0,2.4744,1.2048,1
0,0.6564,1.948,1
0,0.771675,1.986,1
0,2.482687,-1.382225,1
0,2.7,0.2,1
0,0.260025,-1.608,1
0,1.929525,-1.71825,1
0,2.0856,1.648,1
0.02748,2.74905,-0.165245,1
0.02748,2.74905,0.165245,1
0.02945,2.8044,-0.176897,1
0.02945,2.8044,0.176897,1
0.03205,3.14145,-0.192107,1
0.03205,3.14145,0.192107,1
0.03282,2.7,-0.197424,1
0.03282,2.7,0.197424,1
0.03282,2.7,-0.197424,1
0.03282,2.7,0.197424,1
0.03616,2.86335,-0.216979,1
0.03616,2.86335,0.216979,1
0.04503,2.9232,-0.270092,1
0.04503,2.9232,0.270092,1
0.04584,2.6592,-0.275801,1
0.04584,2.6592,0.275801,1
0.05086,3.1176,-0.304843,1
0.05086,3.1176,0.304843,1
0.05343,2.74905,-0.158995,1
0.05343,2.74905,0.158995,1
0.05351,2.98125,-0.320834,1
0.05351,2.98125,0.320834,1
0.05725,2.8044,-0.170215,1
0.05725,2.8044,0.170215,1
0.05899,3.08115,-0.35361,1
0.05899,3.08115,0.35361,1
0.05902,3.0348,-0.353807,1
0.05902,3.0348,0.353807,1
0.06227,3.14145,-0.18487,1
0.06227,3.14145,0.18487,1
0.06371,0.002175,0.383274,1
0.06371,0.002175,-0.383274,1
0.06381,2.7,-0.189952,1
0.06381,2.7,0.189952,1
0.06381,2.7,-0.189952,1
0.06381,2.7,0.189952,1
0.06419,2.6256,-0.386161,1
0.06419,2.6256,0.386161,1
0.07027,2.86335,-0.208794,1
0.07027,2.86335,0.208794,1
0.07752,2.74905,-0.148969,1
0.07752,2.74905,0.148969,1
0.08305,2.8044,-0.159496,1
0.08305,2.8044,0.159496,1
0.08627,2.5974,-0.519028,1
0.08627,2.5974,0.519028,1
0.08751,2.9232,-0.25991,1
0.08751,2.9232,0.25991,1
0.08914,2.6592,-0.265363,1
0.08914,2.6592,0.265363,1
0.09031,3.14145,-0.173255,1
0.09031,3.14145,0.173255,1
0.09259,2.7,-0.177968,1
0.09259,2.7,0.177968,1
0.09259,2.7,-0.177968,1
0.09259,2.7,0.177968,1
0.09881,3.1176,-0.29336,1
0.09881,3.1176,0.29336,1
0.09945,2.74905,0.135489,1
0.09945,2.74905,-0.135489,1
0.10193,2.86335,-0.195658,1
0.10193,2.86335,0.195658,1
0.10398,2.98125,-0.308744,1
0.10398,2.98125,0.308744,1
0.10651,2.8044,-0.145078,1
0.10651,2.8044,0.145078,1
0.11052,2.5728,-0.664924,1
0.11052,2.5728,0.664924,1
0.11462,3.08115,-0.340289,1
0.11462,3.08115,0.340289,1
0.11468,3.0348,-0.340477,1
0.11468,3.0348,0.340477,1
0.11538,0.0084,0.694143,1
0.11538,0.0084,-0.694143,1
0.11579,3.14145,-0.157626,1
0.11579,3.14145,0.157626,1
0.11878,2.7,0.161856,1
0.11878,2.7,-0.161856,1
0.11878,2.7,-0.161856,1
0.11878,2.7,0.161856,1
0.11887,2.74905,0.118874,1
0.11887,2.74905,-0.118874,1
0.12388,0.002175,0.368768,1
0.12388,0.002175,-0.368768,1
0.12481,2.6256,-0.371546,1
0.12481,2.6256,0.371546,1
0.12692,2.9232,-0.243569,1
0.12692,2.9232,0.243569,1
0.1273,2.8044,0.127304,1
0.1273,2.8044,-0.127304,1
0.12935,2.6592,0.248621,1
0.12935,2.6592,-0.248621,1
0.13071,2.86335,-0.177989,1
0.13071,2.86335,0.177989,1
0.13537,2.55,-0.814374,1
0.13537,2.55,0.814374,1
0.13549,2.74905,0.099446,1
0.13549,2.74905,-0.099446,1
0.13835,3.14145,-0.138348,1
0.13835,3.14145,0.138348,1
0.142,2.7,0.142,1
0.142,2.7,-0.142,1
0.142,2.7,-0.142,1
0.142,2.7,0.142,1
0.1433,3.1176,-0.274928,1
0.1433,3.1176,0.274928,1
0.14508,2.8044,0.106513,1
0.14508,2.8044,-0.106513,1
0.14897,2.74905,0.077523,1
0.14897,2.74905,-0.077523,1
0.15079,2.98125,-0.28934,1
0.15079,2.98125,0.28934,1
0.1562,2.86335,-0.1562,1
0.1562,2.86335,0.1562,1
0.15627,0.018225,0.940158,1
0.15627,0.018225,-0.940158,1
0.15763,3.14145,-0.115787,1
0.15763,3.14145,0.115787,1
0.159,2.74905,0.053428,1
0.159,2.74905,-0.053428,1
0.15922,2.5272,-0.957901,1
0.15922,2.5272,0.957901,1
0.1595,2.8044,0.083047,1
0.1595,2.8044,-0.083047,1
0.16186,2.7,0.118784,1
0.16186,2.7,-0.118784,1
0.16186,2.7,-0.118784,1
0.16186,2.7,0.118784,1
0.16275,2.9232,-0.221585,1
0.16275,2.9232,0.221585,1
0.16525,2.74905,0.02748,1
0.16525,2.74905,-0.02748,1
0.16594,2.6592,-0.226113,1
0.16594,2.6592,0.226113,1
0.16622,3.08115,0.318907,1
0.16622,3.08115,-0.318907,1
0.16631,3.0348,-0.319082,1
0.16631,3.0348,0.319082,1
0.1674,2.74905,0,1
0.1674,2.74905,0,1
0.16775,2.5974,-0.499384,1
0.16775,2.5974,0.499384,1
0.17022,2.8044,0.057246,1
0.17022,2.8044,-0.057246,1
0.17326,3.14145,-0.090306,1
0.17326,3.14145,0.090306,1
0.1769,2.8044,0.02945,1
0.1769,2.8044,-0.02945,1
0.17797,2.7,0.092592,1
0.17797,2.7,-0.092592,1
0.17797,2.7,-0.092592,1
0.17797,2.7,0.092592,1
0.17799,2.86335,-0.130707,1
0.17799,2.86335,0.130707,1
0.1792,2.8044,0,1
0.1792,2.8044,0,1
0.17976,0.002175,-0.345503,1
0.17976,0.002175,0.345503,1
0.18052,2.5026,-1.086029,1
0.18052,2.5026,1.086029,1
0.18111,2.6256,0.348105,1
0.18111,2.6256,-0.348105,1
0.18373,3.1176,-0.250127,1
0.18373,3.1176,0.250127,1
0.18487,3.14145,-0.062272,1
0.18487,3.14145,0.062272,1
0.18764,0.0312,1.12887,1
0.18764,0.0312,-1.12887,1
0.18995,2.7,0.063808,1
0.18995,2.7,-0.063808,1
0.18995,2.7,-0.063808,1
0.18995,2.7,0.063808,1
0.19211,3.14145,-0.032048,1
0.19211,3.14145,0.032048,1
0.19335,2.98125,-0.263232,1
0.19335,2.98125,0.263232,1
0.19447,2.9232,-0.194472,1
0.19447,2.9232,0.194472,1
0.1946,3.14145,0,1
0.1946,3.14145,0,1
0.19566,2.86335,-0.101925,1
0.19566,2.86335,0.101925,1
0.19742,2.7,0.032816,1
0.19742,2.7,-0.032816,1
0.19742,2.7,-0.032816,1
0.19742,2.7,0.032816,1
0.19768,2.4744,-1.189282,1
0.19768,2.4744,1.189282,1
0.19837,2.6592,-0.198374,1
0.19837,2.6592,0.198374,1
0.2,2.7,0,1
0.2,2.7,0,1
0.2,2.7,0,1
0.2,2.7,0,1
0.20879,2.86335,0.07027,1
0.20879,2.86335,-0.07027,1
0.20914,2.4408,-1.258183,1
0.20914,2.4408,1.258183,1
0.21074,0.046875,-1.267832,1
0.21074,0.046875,1.267832,1
0.21312,3.08115,-0.290138,1
0.21312,3.08115,0.290138,1
0.21323,3.0348,-0.290295,1
0.21323,3.0348,0.290295,1
0.2133,2.4,-1.283256,1
0.2133,2.4,1.283256,1
0.21491,2.5728,-0.639758,1
0.21491,2.5728,0.639758,1
0.21698,2.86335,0.036157,1
0.21698,2.86335,-0.036157,1
0.21954,3.1176,-0.219536,1
0.21954,3.1176,0.219536,1
0.2198,2.86335,0,1
0.2198,2.86335,0,1
0.22159,2.9232,-0.162745,1
0.22159,2.9232,0.162745,1
0.22435,0.0084,0.667871,1
0.22435,0.0084,-0.667871,1
0.22611,2.6592,-0.165941,1
0.22611,2.6592,0.165941,1
0.2265,2.463,-1.36262,1
0.2265,2.463,1.36262,1
0.2268,2.482687,1.364422,1
0.2268,2.482687,-1.364422,1
0.22682,0.0648,1.364595,1
0.22682,0.0648,-1.364595,1
0.2274,2.435437,-1.368074,1
0.2274,2.435437,1.368074,1
0.2281,2.4945,-1.372294,1
0.2281,2.4945,1.372294,1
0.22971,2.4,-1.381968,1
0.22971,2.4,1.381968,1
0.23023,2.498438,-1.385053,1
0.23023,2.498438,1.385053,1
0.2306,0.002175,-0.314223,1
0.2306,0.002175,0.314223,1
0.23103,2.98125,-0.231031,1
0.23103,2.98125,0.231031,1
0.23234,2.6256,-0.31659,1
0.23234,2.6256,0.31659,1
0.23296,2.4945,-1.401513,1
0.23296,2.4945,1.401513,1
0.23612,2.482687,-1.42049,1
0.23612,2.482687,1.42049,1
0.23715,0.084525,1.426709,1
0.23715,0.084525,-1.426709,1
0.23949,2.463,-1.4408,1
0.23949,2.463,1.4408,1
0.24289,2.435437,-1.461258,1
0.24289,2.435437,1.461258,1
0.24297,0.1056,1.461727,1
0.24297,0.1056,-1.461727,1
0.24342,2.5974,0.467878,1
0.24342,2.5974,-0.467878,1
0.24357,2.9232,-0.12692,1
0.24357,2.9232,0.12692,1
0.24554,0.127575,1.4772,1
0.24554,0.127575,-1.4772,1
0.24612,0.15,-1.48068,1
0.24612,2.4,-1.48068,1
0.24612,0.15,1.48068,1
0.24612,0.15,1.48068,1
0.24612,2.4,1.48068,1
0.24612,0.15,-1.48068,1
0.24842,0.177075,-1.4945,1
0.24842,0.177075,1.4945,1
0.24862,2.6592,0.129351,1
0.24862,2.6592,-0.129351,1
0.25013,3.1176,-0.183734,1
0.25013,3.1176,0.183734,1
0.25465,0.2136,-1.53201,1
0.25465,0.2136,1.53201,1
0.25465,3.08115,-0.254653,1
0.25465,3.08115,0.254653,1
0.25479,3.0348,-0.254788,1
0.25479,3.0348,0.254788,1
0.25839,2.242575,-1.554467,1
0.25839,2.242575,1.554467,1
0.25991,2.9232,-0.087511,1
0.25991,2.9232,0.087511,1
0.26321,2.55,-0.783552,1
0.26321,2.55,0.783552,1
0.26323,2.98125,-0.193348,1
0.26323,2.98125,0.193348,1
0.26384,0.260025,1.587289,1
0.26384,0.260025,-1.587289,1
0.26536,2.6592,-0.08914,1
0.26536,2.6592,0.08914,1
0.27009,2.9232,-0.045032,1
0.27009,2.9232,0.045032,1
0.2704,2.0856,-1.626774,1
0.2704,2.0856,1.626774,1
0.2736,2.9232,0,1
0.2736,2.9232,0,1
0.27493,3.1176,-0.143301,1
0.27493,3.1176,0.143301,1
0.275,0.3168,-1.654413,1
0.275,0.3168,1.654413,1
0.27568,0.002175,-0.275675,1
0.27568,0.002175,0.275675,1
0.2758,2.6592,-0.045844,1
0.2758,2.6592,0.045844,1
0.27775,2.6256,-0.277752,1
0.27775,2.6256,0.277752,1
0.2794,2.6592,0,1
0.28193,1.929525,1.696119,1
0.28193,1.929525,-1.696119,1
0.28714,0.384375,-1.72746,1
0.28714,0.384375,1.72746,1
0.28934,2.98125,-0.150793,1
0.28934,2.98125,0.150793,1
0.29014,3.08115,-0.213123,1
0.29014,3.08115,0.213123,1
0.2903,3.0348,-0.213234,1
0.2903,3.0348,0.213234,1
0.29272,1.7748,-1.761022,1
0.29272,1.7748,1.761022,1
0.29336,3.1176,-0.098814,1
0.29336,3.1176,0.098814,1
0.29928,0.4632,-1.800507,1
0.29928,0.4632,1.800507,1
0.30252,1.621875,-1.820003,1
0.30252,1.621875,1.820003,1
0.30386,0.018225,0.904575,1
0.30386,0.018225,-0.904575,1
0.30484,3.1176,-0.050855,1
0.30484,3.1176,0.050855,1
0.30874,2.98125,-0.103976,1
0.30874,2.98125,0.103976,1
0.3088,3.1176,0,1
0.3088,3.1176,0,1
0.3096,2.5272,-0.921647,1
0.3096,2.5272,0.921647,1
0.31044,0.553725,-1.867631,1
0.31044,0.553725,1.867631,1
0.3111,1.4712,-1.87158,1
0.3111,1.4712,1.87158,1
0.31185,2.5728,-0.599396,1
0.31185,2.5728,0.599396,1
0.31228,2.5974,-0.425519,1
0.31228,2.5974,0.425519,1
0.31422,0.002175,-0.230604,1
0.31422,0.002175,0.230604,1
0.31659,2.6256,-0.232342,1
0.31659,2.6256,0.232342,1
0.31819,1.323225,-1.914272,1
0.31819,1.323225,1.914272,1
0.31891,3.08115,-0.166221,1
0.31891,3.08115,0.166221,1
0.31908,3.0348,-0.166306,1
0.31908,3.0348,0.166306,1
0.31963,0.6564,-1.92291,1
0.31963,0.6564,1.92291,1
0.32083,2.98125,-0.053508,1
0.32083,2.98125,0.053508,1
0.32357,1.1784,-1.946601,1
0.32357,1.1784,1.946601,1
0.325,2.98125,0,1
0.325,2.98125,0,1
0.32555,0.0084,-0.625735,1
0.32555,0.0084,0.625735,1
0.32586,0.771675,-1.96042,1
0.32586,0.771675,1.96042,1
0.32697,1.037175,-1.967083,1
0.32697,1.037175,1.967083,1
0.32816,0.9,-1.97424,1
0.32816,0.9,-1.97424,1
0.32816,0.9,1.97424,1
0.34029,3.08115,-0.114619,1
0.34029,3.08115,0.114619,1
0.34048,3.0348,-0.114676,1
0.34048,3.0348,0.114676,1
0.3455,0.002175,-0.179756,1
0.3455,0.002175,0.179756,1
0.34811,2.6256,-0.18111,1
0.34811,2.6256,0.18111,1
0.35101,2.5026,-1.044926,1
0.35101,2.5026,1.044926,1
0.35361,3.08115,-0.058988,1
0.35361,3.08115,0.058988,1
0.35381,3.0348,-0.059016,1
0.35381,3.0348,0.059016,1
0.3582,3.08115,0,1
0.3582,3.08115,0,1
0.3584,3.0348,0,1
0.3584,3.0348,0,1
0.36485,0.0312,1.086146,1
0.36485,0.0312,-1.086146,1
0.36877,0.002175,-0.123875,1
0.36877,0.002175,0.123875,1
0.37155,2.6256,-0.124808,1
0.37155,2.6256,0.124808,1
0.37332,2.5974,-0.373318,1
0.37332,2.5974,0.373318,1
0.38194,2.55,-0.734118,1
0.38194,2.55,0.734118,1
0.38327,0.002175,-0.063708,1
0.38327,0.002175,0.063708,1
0.38438,2.4744,-1.144271,1
0.38438,2.4744,1.144271,1
0.38616,2.6256,-0.064188,1
0.38616,2.6256,0.064188,1
0.38828,0.002175,0,1
0.38828,0.002175,0,1
0.3912,2.6256,0,1
0.3912,2.6256,0,1
0.40007,2.5728,-0.545131,1
0.40007,2.5728,0.545131,1
0.40665,2.4408,-1.210564,1
0.40665,2.4408,1.210564,1
0.40977,0.046875,1.219848,1
0.40977,0.046875,-1.219848,1
0.41475,2.4,-1.234688,1
0.41475,2.4,1.234688,1
0.41765,0.0084,-0.569086,1
0.41765,0.0084,0.569086,1
0.42552,2.5974,0.312283,1
0.42552,2.5974,-0.312283,1
0.4404,2.463,-1.311049,1
0.4404,2.463,1.311049,1
0.44094,0.018225,0.847506,1
0.44094,0.018225,-0.847506,1
0.44099,2.482687,-1.312782,1
0.44099,2.482687,1.312782,1
0.44104,0.0648,1.312948,1
0.44104,0.0648,-1.312948,1
0.44217,2.435437,-1.316296,1
0.44217,2.435437,1.316296,1
0.44353,2.4945,-1.320356,1
0.44353,2.4945,1.320356,1
0.44666,2.4,-1.329664,1
0.44666,2.4,1.329664,1
0.44765,2.498438,-1.332632,1
0.44765,2.498438,1.332632,1
0.44926,2.5272,-0.863501,1
0.44926,2.5272,0.863501,1
0.45297,2.4945,-1.348469,1
0.45297,2.4945,1.348469,1
0.45911,2.482687,-1.366728,1
0.45911,2.482687,1.366728,1
0.46112,0.084525,1.372712,1
0.46112,0.084525,-1.372712,1
0.46567,2.463,-1.38627,1
0.46567,2.463,1.38627,1
0.46788,2.5974,-0.243424,1
0.46788,2.5974,0.243424,1
0.47228,2.435437,-1.405953,1
0.47228,2.435437,1.405953,1
0.47243,0.1056,1.406405,1
0.47243,0.1056,-1.406405,1
0.47744,0.127575,1.421292,1
0.47744,0.127575,-1.421292,1
0.47826,2.5728,-0.478256,1
0.47826,2.5728,0.478256,1
0.47856,0.15,-1.42464,1
0.47856,2.4,-1.42464,1
0.47856,0.15,1.42464,1
0.47856,0.15,1.42464,1
0.47856,0.15,-1.42464,1
0.47856,2.4,1.42464,1
0.48303,0.177075,-1.437937,1
0.48303,0.177075,1.437937,1
0.48998,2.55,-0.667656,1
0.48998,2.55,0.667656,1
0.49515,0.2136,-1.474028,1
0.49515,0.2136,1.474028,1
0.49927,0.0084,-0.499272,1
0.49927,0.0084,0.499272,1
0.49938,2.5974,-0.167751,1
0.49938,2.5974,0.167751,1
0.50241,2.242575,-1.495635,1
0.50241,2.242575,1.495635,1
0.50935,2.5026,0.979002,1
0.50935,2.5026,-0.979002,1
0.51302,0.260025,-1.527214,1
0.51302,0.260025,1.527214,1
0.51903,2.5974,0.086273,1
0.51903,2.5974,-0.086273,1
0.52578,2.0856,-1.565204,1
0.52578,2.0856,1.565204,1
0.5258,2.5974,0,1
0.5258,2.5974,0,1
0.52944,0.0312,-1.017621,1
0.52944,0.0312,1.017621,1
0.53471,0.3168,-1.591798,1
0.53471,0.3168,1.591798,1
0.54513,2.5728,-0.400065,1
0.54513,2.5728,0.400065,1
0.54819,1.929525,-1.631925,1
0.54819,1.929525,1.631925,1
0.55777,2.4744,-1.072079,1
0.55777,2.4744,1.072079,1
0.55832,0.384375,-1.66208,1
0.55832,0.384375,1.66208,1
0.56566,0.018225,0.770779,1
0.56566,0.018225,-0.770779,1
0.56909,0.0084,-0.417645,1
0.56909,0.0084,0.417645,1
0.56917,1.7748,-1.694372,1
0.56917,1.7748,1.694372,1
0.57634,2.5272,-0.785325,1
0.57634,2.5272,0.785325,1
0.58193,0.4632,-1.732362,1
0.58193,0.4632,1.732362,1
0.58575,2.55,-0.58575,1
0.58575,2.55,0.58575,1
0.58823,1.621875,-1.75112,1
0.58823,1.621875,1.75112,1
0.59009,2.4408,1.13419,1
0.59009,2.4408,-1.13419,1
0.59461,0.046875,-1.142888,1
0.59461,0.046875,1.142888,1
0.5994,2.5728,-0.31185,1
0.5994,2.5728,0.31185,1
0.60185,2.4,-1.156792,1
0.60185,2.4,1.156792,1
0.60362,0.553725,-1.796946,1
0.60362,0.553725,1.796946,1
0.6049,1.4712,-1.800745,1
0.6049,1.4712,1.800745,1
0.6187,1.323225,-1.841822,1
0.6187,1.323225,1.841822,1
0.62149,0.6564,-1.850132,1
0.62149,0.6564,1.850132,1
0.62574,0.0084,0.325553,1
0.62574,0.0084,-0.325553,1
0.62915,1.1784,-1.872927,1
0.62915,1.1784,1.872927,1
0.63361,0.771675,-1.886223,1
0.63361,0.771675,1.886223,1
0.63577,1.037175,-1.892634,1
0.63577,1.037175,1.892634,1
0.63808,0.9,-1.89952,1
0.63808,0.9,-1.89952,1
0.63808,0.9,1.89952,1
0.63808,0.9,1.89952,1
0.63907,2.463,-1.228335,1
0.63907,2.463,1.228335,1
0.63976,2.5728,-0.214905,1
0.63976,2.5728,0.214905,1
0.63992,2.482687,1.229959,1
0.63992,2.482687,-1.229959,1
0.64,0.0648,-1.230115,1
0.64,0.0648,1.230115,1
0.64163,2.435437,-1.233252,1
0.64163,2.435437,1.233252,1
0.64361,2.4945,-1.237056,1
0.64361,2.4945,1.237056,1
0.64814,2.4,-1.245776,1
0.64814,2.4,1.245776,1
0.64959,2.498438,-1.248557,1
0.64959,2.498438,1.248557,1
0.65343,2.5026,-0.89037,1
0.65343,2.5026,0.89037,1
0.65731,2.4945,-1.263395,1
0.65731,2.4945,1.263395,1
0.66492,2.5728,-0.110524,1
0.66492,2.5728,0.110524,1
0.66621,2.482687,1.280502,1
0.66621,2.482687,-1.280502,1
0.66766,2.55,-0.489984,1
0.66766,2.55,0.489984,1
0.66787,0.0084,-0.224349,1
0.66787,0.0084,0.224349,1
0.66913,0.084525,-1.286108,1
0.66913,0.084525,1.286108,1
0.6736,2.5728,0,1
0.6736,2.5728,0,1
0.67574,2.463,-1.29881,1
0.67574,2.463,1.29881,1
0.67622,0.018225,0.676222,1
0.67622,0.018225,-0.676222,1
0.67921,0.0312,-0.925493,1
0.67921,0.0312,0.925493,1
0.68533,2.435437,-1.317252,1
0.68533,2.435437,1.317252,1
0.68555,0.1056,-1.317675,1
0.68555,0.1056,1.317675,1
0.68898,2.5272,-0.688984,1
0.68898,2.5272,0.688984,1
0.69281,0.127575,1.331623,1
0.69281,0.127575,-1.331623,1
0.69414,0.0084,-0.115381,1
0.69414,0.0084,0.115381,1
0.69444,0.15,1.33476,1
0.69444,0.15,-1.33476,1
0.69444,2.4,1.33476,1
0.69444,0.15,-1.33476,1
0.69444,0.15,1.33476,1
0.69444,2.4,-1.33476,1
0.70092,0.177075,1.347218,1
0.70092,0.177075,-1.347218,1
0.7032,0.0084,0,1
0.71556,2.4744,-0.975021,1
0.71556,2.4744,0.975021,1
0.71851,0.2136,1.381032,1
0.71851,0.2136,-1.381032,1
0.72905,2.242575,-1.401276,1
0.72905,2.242575,1.401276,1
0.73412,2.55,-0.381942,1
0.73412,2.55,0.381942,1
0.74444,0.260025,1.430863,1
0.74444,0.260025,-1.430863,1
0.75701,2.4408,1.031508,1
0.75701,2.4408,-1.031508,1
0.76282,0.046875,-1.039419,1
0.76282,0.046875,1.039419,1
0.76296,2.0856,-1.466456,1
0.76296,2.0856,1.466456,1
0.77078,0.018225,0.565664,1
0.77078,0.018225,-0.565664,1
0.7721,2.4,-1.052064,1
0.7721,2.4,1.052064,1
0.77592,0.3168,-1.491372,1
0.77592,0.3168,1.491372,1
0.78114,2.5026,-0.781142,1
0.78114,2.5026,0.781142,1
0.78355,2.55,-0.263208,1
0.78355,2.55,0.263208,1
0.78533,2.5272,-0.57634,1
0.78533,2.5272,0.57634,1
0.79548,1.929525,1.528968,1
0.79548,1.929525,-1.528968,1
0.81018,0.384375,1.55722,1
0.81018,0.384375,-1.55722,1
0.81196,0.0312,0.811956,1
0.81196,0.0312,-0.811956,1
0.81437,2.55,-0.135366,1
0.81437,2.55,0.135366,1
0.81985,2.463,-1.11713,1
0.81985,2.463,1.11713,1
0.82093,2.482687,1.118607,1
0.82093,2.482687,-1.118607,1
0.82104,0.0648,1.118749,1
0.82104,0.0648,-1.118749,1
0.82313,2.435437,-1.121601,1
0.82313,2.435437,1.121601,1
0.825,2.55,0,1
0.825,2.55,0,1
0.82567,2.4945,-1.125061,1
0.82567,2.4945,1.125061,1
0.82592,1.7748,1.587475,1
0.82592,1.7748,-1.587475,1
0.83149,2.4,-1.132992,1
0.83149,2.4,1.132992,1
0.83334,2.498438,-1.135521,1
0.83334,2.498438,1.135521,1
0.84325,2.4945,-1.149016,1
0.84325,2.4945,1.149016,1
0.84444,0.4632,1.623068,1
0.84444,0.4632,-1.623068,1
0.84751,0.018225,-0.440935,1
0.84751,0.018225,0.440935,1
0.85358,1.621875,-1.640643,1
0.85358,1.621875,1.640643,1
0.85467,2.482687,-1.164574,1
0.85467,2.482687,1.164574,1
0.85541,2.4744,-0.855408,1
0.85541,2.4744,0.855408,1
0.85841,0.084525,-1.169673,1
0.85841,0.084525,1.169673,1
0.8635,2.5272,-0.449256,1
0.8635,2.5272,0.449256,1
0.86689,2.463,-1.181225,1
0.86689,2.463,1.181225,1
0.87592,0.553725,-1.683577,1
0.87592,0.553725,1.683577,1
0.87777,1.4712,-1.687137,1
0.87777,1.4712,1.687137,1
0.8792,2.435437,-1.197997,1
0.8792,2.435437,1.197997,1
0.87948,0.1056,-1.198382,1
0.87948,0.1056,1.198382,1
0.88879,0.127575,1.211067,1
0.88879,0.127575,-1.211067,1
0.89037,2.5026,-0.653431,1
0.89037,2.5026,0.653431,1
0.89088,0.15,-1.21392,1
0.89088,0.15,1.21392,1
0.89088,2.4,-1.21392,1
0.89088,0.15,-1.21392,1
0.89088,0.15,1.21392,1
0.89088,2.4,1.21392,1
0.8978,1.323225,-1.725622,1
0.8978,1.323225,1.725622,1
0.8992,0.177075,1.22525,1
0.8992,0.177075,-1.22525,1
0.90185,0.6564,-1.733408,1
0.90185,0.6564,1.733408,1
0.90458,0.018225,0.303862,1
0.90458,0.018225,-0.303862,1
0.90497,2.4408,0.904966,1
0.90497,2.4408,-0.904966,1
0.91191,0.046875,-0.911906,1
0.91191,0.046875,0.911906,1
0.91296,1.1784,-1.754764,1
0.91296,1.1784,1.754764,1
0.91944,0.771675,-1.767222,1
0.91944,0.771675,1.767222,1
0.92165,2.5272,-0.309596,1
0.92165,2.5272,0.309596,1
0.92176,0.2136,1.256003,1
0.92176,0.2136,-1.256003,1
0.92256,1.037175,1.773229,1
0.92256,1.037175,-1.773229,1
0.923,2.4,-0.923,1
0.923,2.4,0.923,1
0.92549,0.0312,0.679207,1
0.92549,0.0312,-0.679207,1
0.92592,0.9,1.77968,1
0.92592,0.9,-1.77968,1
0.92592,0.9,-1.77968,1
0.92592,0.9,1.77968,1
0.93528,2.242575,-1.274414,1
0.93528,2.242575,1.274414,1
0.94016,0.018225,0.156274,1
0.94016,0.018225,-0.156274,1
0.95243,0.018225,0,1
0.95243,0.018225,0,1
0.95502,0.260025,1.301322,1
0.95502,0.260025,-1.301322,1
0.9579,2.5272,-0.159223,1
0.9579,2.5272,0.159223,1
0.9704,2.5272,0,1
0.9704,2.5272,0,1
0.97502,2.4744,-0.715555,1
0.97502,2.4744,0.715555,1
0.97878,2.0856,-1.333693,1
0.97878,2.0856,1.333693,1
0.979,2.5026,0.509349,1
0.979,2.5026,-0.509349,1
0.98008,2.463,-0.980084,1
0.98008,2.463,0.980084,1
0.98138,2.482687,-0.98138,1
0.98138,2.482687,0.98138,1
0.9815,0.0648,0.981504,1
0.9815,0.0648,-0.981504,1
0.98401,2.435437,-0.984007,1
0.98401,2.435437,0.984007,1
0.98704,2.4945,-0.987042,1
0.98704,2.4945,0.987042,1
0.994,2.4,-0.994,1
0.994,2.4,0.994,1
0.99541,0.3168,-1.356353,1
0.99541,0.3168,1.356353,1
0.99622,2.498438,-0.996219,1
0.99622,2.498438,0.996219,1
1.00806,2.4945,-1.008058,1
1.00806,2.4945,1.008058,1
1.01762,0.0312,0.529441,1
1.01762,0.0312,-0.529441,1
1.0205,1.929525,-1.390545,1
1.0205,1.929525,1.390545,1
1.02171,2.482687,-1.021708,1
1.02171,2.482687,1.021708,1
1.02618,0.084525,-1.026181,1
1.02618,0.084525,1.026181,1
1.03151,2.4408,0.75701,1
1.03151,2.4408,-0.75701,1
1.03632,2.463,-1.036316,1
1.03632,2.463,1.036316,1
1.03936,0.384375,-1.41624,1
1.03936,0.384375,1.41624,1
1.03942,0.046875,-0.762816,1
1.03942,0.046875,0.762816,1
1.04493,2.5026,-0.351008,1
1.04493,2.5026,0.351008,1
1.05103,2.435437,-1.051031,1
1.05103,2.435437,1.051031,1
1.05137,0.1056,-1.051368,1
1.05137,0.1056,1.051368,1
1.05206,2.4,-0.772096,1
1.05206,2.4,0.772096,1
1.05955,1.7748,-1.443756,1
1.05955,1.7748,1.443756,1
1.0625,0.127575,1.062497,1
1.0625,0.127575,-1.062497,1
1.065,0.15,-1.065,1
1.065,0.15,1.065,1
1.065,2.4,-1.065,1
1.065,2.4,1.065,1
1.07208,2.4744,-0.557774,1
1.07208,2.4744,0.557774,1
1.07494,0.177075,-1.07494,1
1.07494,0.177075,1.07494,1
1.08331,0.4632,-1.476127,1
1.08331,0.4632,1.476127,1
1.08603,2.5026,0.180521,1
1.08603,2.5026,-0.180521,1
1.08615,0.0312,0.364854,1
1.08615,0.0312,-0.364854,1
1.09504,1.621875,-1.49211,1
1.09504,1.621875,1.49211,1
1.1002,2.5026,0,1
1.1002,2.5026,0,1
1.10192,0.2136,1.10192,1
1.10192,0.2136,-1.10192,1
1.11713,2.463,-0.819847,1
1.11713,2.463,0.819847,1
1.11807,2.242575,-1.118073,1
1.11807,2.242575,1.118073,1
1.11861,2.482687,-0.820931,1
1.11861,2.482687,0.820931,1
1.11875,0.0648,-0.821035,1
1.11875,0.0648,0.821035,1
1.1216,2.435437,-0.823129,1
1.1216,2.435437,0.823129,1
1.1237,0.553725,-1.531158,1
1.1237,0.553725,1.531158,1
1.12506,2.4945,-0.825668,1
1.12506,2.4945,0.825668,1
1.12607,1.4712,-1.534395,1
1.12607,1.4712,1.534395,1
1.12887,0.0312,-0.187642,1
1.12887,0.0312,0.187642,1
1.13299,2.4,-0.831488,1
1.13299,2.4,0.831488,1
1.13419,2.4408,0.590089,1
1.13419,2.4408,-0.590089,1
1.13552,2.498438,-0.833344,1
1.13552,2.498438,0.833344,1
1.14168,0.260025,1.14168,1
1.14168,0.260025,-1.14168,1
1.14289,0.046875,-0.594614,1
1.14289,0.046875,0.594614,1
1.1436,0.0312,0,1
1.1436,0.0312,0,1
1.14427,2.4744,-0.384379,1
1.14427,2.4744,0.384379,1
1.14902,2.4945,-0.843248,1
1.14902,2.4945,0.843248,1
1.15176,1.323225,-1.569396,1
1.15176,1.323225,1.569396,1
1.15679,2.4,-0.601848,1
1.15679,2.4,0.601848,1
1.15696,0.6564,-1.576477,1
1.15696,0.6564,1.576477,1
1.16457,2.482687,-0.854666,1
1.16457,2.482687,0.854666,1
1.16967,0.084525,-0.858407,1
1.16967,0.084525,0.858407,1
1.17008,2.0856,-1.17008,1
1.17008,2.0856,1.17008,1
1.17121,1.1784,-1.5959,1
1.17121,1.1784,1.5959,1
1.17953,0.771675,-1.60723,1
1.17953,0.771675,1.60723,1
1.18123,2.463,-0.866886,1
1.18123,2.463,0.866886,1
1.18353,1.037175,-1.612693,1
1.18353,1.037175,1.612693,1
1.18784,0.9,-1.61856,1
1.18784,0.9,-1.61856,1
1.18784,0.9,1.61856,1
1.18784,0.9,1.61856,1
1.18928,2.4744,-0.197684,1
1.18928,2.4744,0.197684,1
1.18996,0.3168,-1.18996,1
1.18996,0.3168,1.18996,1
1.198,2.435437,-0.879195,1
1.198,2.435437,0.879195,1
1.19838,0.1056,-0.879477,1
1.19838,0.1056,0.879477,1
1.2048,2.4744,0,1
1.2048,2.4744,0,1
1.21056,2.4408,0.406648,1
1.21056,2.4408,-0.406648,1
1.21107,0.127575,0.888786,1
1.21107,0.127575,-0.888786,1
1.21392,0.15,-0.89088,1
1.21392,0.15,-0.89088,1
1.21392,0.15,0.89088,1
1.21392,0.15,0.89088,1
1.21392,2.4,-0.89088,1
1.21392,2.4,0.89088,1
1.21985,0.046875,-0.409767,1
1.21985,0.046875,0.409767,1
1.21996,1.929525,1.219958,1
1.21996,1.929525,-1.219958,1
1.22525,0.177075,0.899195,1
1.22525,0.177075,-0.899195,1
1.22834,2.463,-0.63907,1
1.22834,2.463,0.63907,1
1.22996,2.482687,-0.639915,1
1.22996,2.482687,0.639915,1
1.23012,0.0648,-0.639996,1
1.23012,0.0648,0.639996,1
1.23325,2.435437,-0.641628,1
1.23325,2.435437,0.641628,1
1.23469,2.4,-0.414752,1
1.23469,2.4,0.414752,1
1.23706,2.4945,-0.643607,1
1.23706,2.4945,0.643607,1
1.2425,0.384375,-1.2425,1
1.2425,0.384375,1.2425,1
1.24578,2.4,-0.648144,1
1.24578,2.4,0.648144,1
1.24856,2.498438,-0.649591,1
1.24856,2.498438,0.649591,1
1.256,0.2136,0.921764,1
1.256,0.2136,-0.921764,1
1.25818,2.4408,0.209136,1
1.25818,2.4408,-0.209136,1
1.2634,2.4945,-0.657311,1
1.2634,2.4945,0.657311,1
1.26664,1.7748,-1.26664,1
1.26664,1.7748,1.26664,1
1.26783,0.046875,-0.21074,1
1.26783,0.046875,0.21074,1
1.27441,2.242575,-0.935276,1
1.27441,2.242575,0.935276,1
1.2746,2.4408,0,1
1.2746,2.4408,0,1
1.2805,2.482687,-0.666211,1
1.2805,2.482687,0.666211,1
1.28326,2.4,-0.213304,1
1.28326,2.4,0.213304,1
1.28438,0.046875,0,1
1.28438,0.046875,0,1
1.28611,0.084525,-0.669128,1
1.28611,0.084525,0.669128,1
1.29504,0.4632,-1.29504,1
1.29504,0.4632,1.29504,1
1.29881,2.463,-0.675736,1
1.29881,2.463,0.675736,1
1.3,2.4,0,1
1.3,2.4,0,1
1.30132,0.260025,0.955023,1
1.30132,0.260025,-0.955023,1
1.30906,1.621875,-1.309063,1
1.30906,1.621875,1.309063,1
1.31105,2.463,-0.440403,1
1.31105,2.463,0.440403,1
1.31278,2.482687,-0.440985,1
1.31278,2.482687,0.440985,1
1.31295,0.0648,0.441041,1
1.31295,0.0648,-0.441041,1
1.3163,2.435437,-0.442166,1
1.3163,2.435437,0.442166,1
1.31725,2.435437,-0.685331,1
1.31725,2.435437,0.685331,1
1.31768,0.1056,-0.685551,1
1.31768,0.1056,0.685551,1
1.32036,2.4945,-0.443529,1
1.32036,2.4945,0.443529,1
1.32966,2.4,-0.446656,1
1.32966,2.4,0.446656,1
1.33162,0.127575,0.692808,1
1.33162,0.127575,-0.692808,1
1.33263,2.498438,-0.447653,1
1.33263,2.498438,0.447653,1
1.33369,2.0856,-0.97878,1
1.33369,2.0856,0.97878,1
1.33476,0.15,0.69444,1
1.33476,0.15,-0.69444,1
1.33476,0.15,-0.69444,1
1.33476,0.15,0.69444,1
1.33476,2.4,-0.69444,1
1.33476,2.4,0.69444,1
1.34332,0.553725,-1.34332,1
1.34332,0.553725,1.34332,1
1.34616,1.4712,-1.34616,1
1.34616,1.4712,1.34616,1
1.34722,0.177075,0.700921,1
1.34722,0.177075,-0.700921,1
1.34847,2.4945,-0.452973,1
1.34847,2.4945,0.452973,1
1.35635,0.3168,-0.99541,1
1.35635,0.3168,0.99541,1
1.36262,2.463,-0.226496,1
1.36262,2.463,0.226496,1
1.36442,2.482687,-0.226795,1
1.36442,2.482687,0.226795,1
1.3646,0.0648,-0.226824,1
1.3646,0.0648,0.226824,1
1.36673,2.482687,-0.459107,1
1.36673,2.482687,0.459107,1
1.36807,2.435437,-0.227403,1
1.36807,2.435437,0.227403,1
1.37229,2.4945,-0.228104,1
1.37229,2.4945,0.228104,1
1.37271,0.084525,-0.461116,1
1.37271,0.084525,0.461116,1
1.37687,1.323225,-1.376868,1
1.37687,1.323225,1.376867,1
1.3804,2.463,0,1
1.3804,2.463,0,1
1.38103,0.2136,0.718514,1
1.38103,0.2136,-0.718514,1
1.38197,2.4,-0.229712,1
1.38197,2.4,0.229712,1
1.38223,2.482687,0,1
1.38223,2.482687,0,1
1.3824,0.0648,0,1
1.3824,0.0648,0,1
1.38308,0.6564,-1.38308,1
1.38308,0.6564,1.38308,1
1.38505,2.498438,-0.230225,1
1.38505,2.498438,0.230225,1
1.38593,2.435437,0,1
1.38593,2.435437,0,1
1.38627,2.463,-0.465671,1
1.38627,2.463,0.465671,1
1.3902,2.4945,0,1
1.3902,2.4945,0,1
1.39055,1.929525,-1.020503,1
1.39055,1.929525,1.020503,1
1.4,2.4,0,1
1.4,2.4,0,1
1.40012,1.1784,-1.40012,1
1.40012,1.1784,1.40012,1
1.40128,2.242575,-0.729046,1
1.40128,2.242575,0.729046,1
1.40151,2.4945,-0.232961,1
1.40151,2.4945,0.232961,1
1.40313,2.498438,0,1
1.40313,2.498438,0,1
1.40595,2.435437,-0.472283,1
1.40595,2.435437,0.472283,1
1.40641,0.1056,-0.472434,1
1.40641,0.1056,0.472434,1
1.41006,0.771675,-1.41006,1
1.41006,0.771675,1.41006,1
1.41485,1.037175,-1.414853,1
1.41485,1.037175,1.414853,1
1.41624,0.384375,-1.03936,1
1.41624,0.384375,1.03936,1
1.4198,2.4945,0,1
1.4198,2.4945,0,1
1.42,0.9,-1.42,1
1.42,0.9,-1.42,1
1.42,0.9,1.42,1
1.42,0.9,1.42,1
1.42049,2.482687,-0.236115,1
1.42049,2.482687,0.236115,1
1.42129,0.127575,0.477435,1
1.42129,0.127575,-0.477435,1
1.42464,0.15,-0.47856,1
1.42464,0.15,-0.47856,1
1.42464,0.15,0.47856,1
1.42464,0.15,0.47856,1
1.42464,2.4,-0.47856,1
1.42464,2.4,0.47856,1
1.42671,0.084525,-0.237149,1
1.42671,0.084525,0.237149,1
1.43086,0.260025,0.74444,1
1.43086,0.260025,-0.74444,1
1.43794,0.177075,0.483027,1
1.43794,0.177075,-0.483027,1
1.43903,2.482687,0,1
1.4408,2.463,-0.239491,1
1.4408,2.463,0.239491,1
1.44376,1.7748,-1.059553,1
1.44376,1.7748,1.059553,1
1.44533,0.084525,0,1
1.44533,0.084525,0,1
1.4596,2.463,0,1
1.4596,2.463,0,1
1.46126,2.435437,-0.242892,1
1.46126,2.435437,0.242892,1
1.46173,0.1056,-0.24297,1
1.46173,0.1056,0.24297,1
1.46646,2.0856,-0.762958,1
1.46646,2.0856,0.762958,1
1.47403,0.2136,0.49515,1
1.47403,0.2136,-0.49515,1
1.47613,0.4632,-1.08331,1
1.47613,0.4632,1.08331,1
1.4772,0.127575,0.245542,1
1.4772,0.127575,-0.245542,1
1.48033,2.435437,0,1
1.48033,2.435437,0,1
1.48068,0.15,-0.24612,1
1.48068,0.15,0.24612,1
1.48068,0.15,0.24612,1
1.48068,0.15,-0.24612,1
1.48068,2.4,-0.24612,1
1.48068,2.4,0.24612,1
1.4808,0.1056,0,1
1.4808,0.1056,0,1
1.49137,0.3168,-0.775921,1
1.49137,0.3168,0.775921,1
1.49211,1.621875,-1.09504,1
1.49211,1.621875,1.09504,1
1.4945,0.177075,0.248417,1
1.4945,0.177075,-0.248417,1
1.49564,2.242575,-0.502408,1
1.49564,2.242575,0.502408,1
1.49648,0.127575,0,1
1.49648,0.127575,0,1
1.5,0.15,0,1
1.5,0.15,0,1
1.5,2.4,0,1
1.5,2.4,0,1
1.514,0.177075,0,1
1.514,0.177075,0,1
1.52721,0.260025,-0.513016,1
1.52721,0.260025,0.513016,1
1.52897,1.929525,-0.795481,1
1.52897,1.929525,0.795481,1
1.53116,0.553725,-1.123697,1
1.53116,0.553725,1.123697,1
1.53201,0.2136,0.254652,1
1.53201,0.2136,-0.254652,1
1.5344,1.4712,-1.126072,1
1.5344,1.4712,1.126072,1
1.552,0.2136,0,1
1.552,0.2136,0,1
1.55447,2.242575,-0.258385,1
1.55447,2.242575,0.258385,1
1.55722,0.384375,-0.81018,1
1.55722,0.384375,0.81018,1
1.5652,2.0856,-0.525778,1
1.5652,2.0856,0.525778,1
1.5694,1.323225,-1.151759,1
1.5694,1.323225,1.151759,1
1.57475,2.242575,0,1
1.57475,2.242575,0,1
1.57648,0.6564,-1.156956,1
1.57648,0.6564,1.156956,1
1.58729,0.260025,0.263841,1
1.58729,0.260025,-0.263841,1
1.58748,1.7748,-0.825921,1
1.58748,1.7748,0.825921,1
1.5918,0.3168,-0.534711,1
1.5918,0.3168,0.534711,1
1.5959,1.1784,-1.17121,1
1.5959,1.1784,1.17121,1
1.60723,0.771675,-1.179525,1
1.60723,0.771675,1.179525,1
1.608,0.260025,0,1
1.608,0.260025,0,1
1.61269,1.037175,-1.183534,1
1.61269,1.037175,1.183534,1
1.61856,0.9,-1.18784,1
1.61856,0.9,-1.18784,1
1.61856,0.9,1.18784,1
1.61856,0.9,1.18784,1
1.62307,0.4632,-0.844439,1
1.62307,0.4632,0.844439,1
1.62677,2.0856,-0.270404,1
1.62677,2.0856,0.270404,1
1.63193,1.929525,-0.54819,1
1.63193,1.929525,0.54819,1
1.64064,1.621875,-0.853583,1
1.64064,1.621875,0.853583,1
1.648,2.0856,0,1
1.648,2.0856,0,1
1.65441,0.3168,-0.274998,1
1.65441,0.3168,0.274998,1
1.66208,0.384375,-0.55832,1
1.66208,0.384375,0.55832,1
1.676,0.3168,0,1
1.676,0.3168,0,1
1.68358,0.553725,-0.87592,1
1.68358,0.553725,0.87592,1
1.68714,1.4712,-0.877772,1
1.68714,1.4712,0.877772,1
1.69437,1.7748,-0.569167,1
1.69437,1.7748,0.569167,1
1.69612,1.929525,-0.28193,1
1.69612,1.929525,0.28193,1
1.7,0.6,0,1
1.7,0.6,0,1
1.7,0.6231,0.1782,1
1.7,0.6231,-0.1782,1
1.7,0.6858,-0.3168,1
1.7,0.6858,0.3168,1
1.7,0.7782,0.4158,1
1.7,0.7782,-0.4158,1
1.7,0.8904,-0.4752,1
1.7,0.8904,0.4752,1
1.7,1.0125,-0.495,1
1.7,1.0125,0.495,1
1.7,1.1346,-0.4752,1
1.7,1.1346,0.4752,1
1.7,1.2468,0.4158,1
1.7,1.2468,-0.4158,1
1.7,1.3392,-0.3168,1
1.7,1.3392,0.3168,1
1.7,1.4019,0.1782,1
1.7,1.4019,-0.1782,1
1.7,1.425,0,1
1.7,1.425,0,1
1.71825,1.929525,0,1
1.71825,1.929525,0,1
1.72562,1.323225,-0.897795,1
1.72562,1.323225,0.897795,1
1.72746,0.384375,-0.28714,1
1.72746,0.384375,0.28714,1
1.73236,0.4632,-0.581929,1
1.73236,0.4632,0.581929,1
1.73341,0.6564,-0.901846,1
1.73341,0.6564,0.901846,1
1.75,0.384375,0,1
1.75,0.384375,0,1
1.75112,1.621875,-0.58823,1
1.75112,1.621875,0.58823,1
1.75476,1.1784,-0.912957,1
1.75476,1.1784,0.912957,1
1.76102,1.7748,-0.292719,1
1.76102,1.7748,0.292719,1
1.76722,0.771675,-0.919439,1
1.76722,0.771675,0.919439,1
1.77323,1.037175,-0.922564,1
1.77323,1.037175,0.922564,1
1.77968,0.9,-0.92592,1
1.77968,0.9,-0.92592,1
1.77968,0.9,0.92592,1
1.77968,0.9,0.92592,1
1.784,1.7748,0,1
1.784,1.7748,0,1
1.79695,0.553725,-0.603624,1
1.79695,0.553725,0.603624,1
1.80051,0.4632,-0.299282,1
1.80051,0.4632,0.299282,1
1.80075,1.4712,-0.6049,1
1.80075,1.4712,0.6049,1
1.82,1.621875,-0.302523,1
1.82,1.621875,0.302522,1
1.824,0.4632,0,1
1.824,0.4632,0,1
1.84182,1.323225,-0.618698,1
1.84182,1.323225,0.618698,1
1.84375,1.621875,0,1
1.84375,1.621875,0,1
1.85013,0.6564,-0.62149,1
1.85013,0.6564,0.62149,1
1.86763,0.553725,-0.310439,1
1.86763,0.553725,0.310439,1
1.87158,1.4712,-0.311096,1
1.87158,1.4712,0.311096,1
1.87293,1.1784,-0.629147,1
1.87293,1.1784,0.629147,1
1.88622,0.771675,-0.633613,1
1.88622,0.771675,0.633613,1
1.892,0.553725,0,1
1.892,0.553725,0,1
1.89263,1.037175,-0.635767,1
1.89263,1.037175,0.635767,1
1.896,1.4712,0,1
1.896,1.4712,0,1
1.89952,0.9,-0.63808,1
1.89952,0.9,-0.63808,1
1.89952,0.9,0.63808,1
1.89952,0.9,0.63808,1
1.91427,1.323225,-0.318192,1
1.91427,1.323225,0.318192,1
1.92291,0.6564,-0.319628,1
1.92291,0.6564,0.319628,1
1.9359,1.4442,0,1
1.9359,1.4442,0,1
1.93925,1.323225,0,1
1.93925,1.323225,0,1
1.93939,1.423221,-0.1751,1
1.93939,1.423221,0.1751,1
1.9466,1.1784,-0.323566,1
1.9466,1.1784,0.323566,1
1.948,0.6564,0,1
1.948,0.6564,0,1
1.94888,1.366278,-0.31129,1
1.94888,1.366278,0.31129,1
1.96042,0.771675,-0.325863,1
1.96042,0.771675,0.325863,1
1.96286,1.282362,-0.408568,1
1.96286,1.282362,0.408568,1
1.96708,1.037175,-0.32697,1
1.96708,1.037175,0.32697,1
1.972,1.1784,0,1
1.972,1.1784,0,1
1.97424,0.9,-0.32816,1
1.97424,0.9,0.32816,1
1.97424,0.9,0.32816,1
1.97983,1.180464,-0.466934,1
1.97983,1.180464,0.466934,1
1.986,0.771675,0,1
1.986,0.771675,0,1
1.99275,1.037175,0,1
1.99275,1.037175,0,1
1.9983,1.069575,-0.48639,1
1.9983,1.069575,0.48639,1
2,0.9,0,1
2,0.9,0,1
2.01677,0.958686,-0.466934,1
2.01677,0.958686,0.466934,1
2.03374,0.856788,-0.408568,1
2.03374,0.856788,0.408568,1
2.04772,0.772872,0.31129,1
2.04772,0.772872,-0.31129,1
2.05721,0.715929,0.1751,1
2.05721,0.715929,-0.1751,1
2.0607,0.69495,0,1
2.0607,0.69495,0,1
2.1112,1.4976,0,1
2.1112,1.4976,0,1
2.11698,1.47912,-0.166687,1
2.11698,1.47912,0.166687,1
2.13267,1.42896,-0.296333,1
2.13267,1.42896,0.296333,1
2.15578,1.35504,-0.388937,1
2.15578,1.35504,0.388937,1
2.18385,1.26528,-0.444499,1
2.18385,1.26528,0.444499,1
2.2144,1.1676,-0.46302,1
2.2144,1.1676,0.46302,1
2.2373,1.5789,0,1
2.2373,1.5789,0,1
2.24446,1.563171,-0.154289,1
2.24446,1.563171,0.154289,1
2.24495,1.06992,-0.444499,1
2.24495,1.06992,0.444499,1
2.26388,1.520478,-0.274291,1
2.26388,1.520478,0.274291,1
2.27302,0.98016,-0.388937,1
2.27302,0.98016,0.388937,1
2.29251,1.457562,-0.360007,1
2.29251,1.457562,0.360007,1
2.29613,0.90624,-0.296333,1
2.29613,0.90624,0.296333,1
2.31182,0.85608,-0.166687,1
2.31182,0.85608,0.166687,1
2.3176,0.8376,0,1
2.3176,0.8376,0,1
2.3256,1.6818,0,1
2.3256,1.6818,0,1
2.32727,1.381164,-0.411437,1
2.32727,1.381164,0.411437,1
2.33353,1.668948,-0.139234,1
2.33353,1.668948,0.139234,1
2.35505,1.634064,-0.247526,1
2.35505,1.634064,0.247526,1
2.3651,1.298025,-0.42858,1
2.3651,1.298025,0.42858,1
2.38677,1.582656,-0.324878,1
2.38677,1.582656,0.324878,1
2.3875,1.8,0,1
2.3875,1.8,0,1
2.3959,1.790025,0.12285,1
2.3959,1.790025,-0.12285,1
2.40293,1.214886,-0.411437,1
2.40293,1.214886,0.411437,1
2.4187,1.76295,-0.2184,1
2.4187,1.76295,0.2184,1
2.42529,1.520232,-0.37129,1
2.42529,1.520232,0.37129,1
2.4344,1.9272,0,1
2.4344,1.9272,0,1
2.43769,1.138488,-0.360007,1
2.43769,1.138488,0.360007,1
2.44327,1.919976,0.106466,1
2.44327,1.919976,-0.106466,1
2.4523,1.72305,-0.28665,1
2.4523,1.72305,0.28665,1
2.46632,1.075572,-0.274291,1
2.46632,1.075572,0.274291,1
2.4672,1.4523,-0.38676,1
2.4672,1.4523,0.38676,1
2.46735,1.900368,0.189274,1
2.46735,1.900368,-0.189274,1
2.4777,2.0571,0,1
2.4777,2.0571,0,1
2.48574,1.032879,-0.154289,1
2.48574,1.032879,0.154289,1
2.48734,2.052375,-0.091411,1
2.48734,2.052375,0.091411,1
2.4929,1.01715,0,1
2.4929,1.01715,0,1
2.4931,1.6746,-0.3276,1
2.4931,1.6746,0.3276,1
2.50283,1.871472,0.248422,1
2.50283,1.871472,-0.248422,1
2.50911,1.384368,-0.37129,1
2.50911,1.384368,0.37129,1
2.51352,2.03955,0.162509,1
2.51352,2.03955,-0.162509,1
2.5288,2.1834,0,1
2.5375,1.621875,-0.34125,1
2.5375,1.621875,0.34125,1
2.53982,2.180796,-0.079013,1
2.53982,2.180796,0.079013,1
2.54591,1.836384,-0.28391,1
2.54591,1.836384,0.28391,1
2.54763,1.321944,-0.324878,1
2.54763,1.321944,0.324878,1
2.55209,2.02065,-0.213293,1
2.55209,2.02065,0.213293,1
2.56973,2.173728,-0.140467,1
2.56973,2.173728,0.140467,1
2.57935,1.270536,-0.247526,1
2.57935,1.270536,0.247526,1
2.5819,1.56915,-0.3276,1
2.5819,1.56915,0.3276,1
2.5928,1.7982,-0.29574,1
2.5928,1.7982,0.29574,1
2.59893,1.9977,-0.243763,1
2.59893,1.9977,0.243763,1
2.5991,2.2998,0,1
2.5991,2.2998,0,1
2.60087,1.235652,-0.139234,1
2.60087,1.235652,0.139234,1
2.6088,1.2228,0,1
2.6088,1.2228,0,1
2.61241,2.298813,0.0706,1
2.61241,2.298813,-0.0706,1
2.61382,2.163312,-0.184363,1
2.61382,2.163312,0.184363,1
2.6227,1.5207,-0.28665,1
2.6227,1.5207,0.28665,1
2.63969,1.760016,-0.28391,1
2.63969,1.760016,0.28391,1
2.64852,2.296134,0.12551,1
2.64852,2.296134,-0.12551,1
2.6499,1.972725,0.25392,1
2.6499,1.972725,-0.25392,1
2.6563,1.4808,-0.2184,1
2.6563,1.4808,0.2184,1
2.66735,2.150664,-0.210701,1
2.66735,2.150664,0.210701,1
2.6791,1.453725,0.12285,1
2.6791,1.453725,-0.12285,1
2.68277,1.724928,0.248422,1
2.68277,1.724928,-0.248422,1
2.6875,1.44375,0,1
2.6875,1.44375,0,1
2.7,2.4,0,1
2.7,2.4,0,1
2.7,2.4,0,1
2.70087,1.94775,-0.243763,1
2.70087,1.94775,0.243763,1
2.70174,2.292186,0.164732,1
2.70174,2.292186,-0.164732,1
2.7168,2.4,0.0675,1
2.7168,2.4,-0.0675,1
2.7168,2.4,-0.0675,1
2.7168,2.4,0.0675,1
2.71825,1.696032,0.189274,1
2.71825,1.696032,-0.189274,1
2.7256,2.1369,-0.21948,1
2.7256,2.1369,0.21948,1
2.7298,2.42025,0,1
2.74233,1.676424,0.106466,1
2.74233,1.676424,-0.106466,1
2.74741,2.420406,-0.066744,1
2.74741,2.420406,0.066744,1
2.74771,1.9248,-0.213293,1
2.74771,1.9248,0.213293,1
2.7512,1.6692,0,1
2.7512,1.6692,0,1
2.7584,2.436,0,1
2.7624,2.4,0.12,1
2.7624,2.4,-0.12,1
2.7624,2.4,-0.12,1
2.7624,2.4,0.12,1
2.76637,2.287392,0.188266,1
2.76637,2.287392,-0.188266,1
2.77637,2.436302,-0.064692,1
2.77637,2.436302,0.064692,1
2.78385,2.123136,-0.210701,1
2.78385,2.123136,0.210701,1
2.7846,2.44725,0,1
2.7846,2.44725,0,1
2.78628,1.9059,0.162509,1
2.78628,1.9059,-0.162509,1
2.7952,2.420829,-0.118656,1
2.7952,2.420829,0.118656,1
2.8,2.4,0,1
2.80253,2.44768,-0.061668,1
2.80253,2.44768,0.061668,1
2.8072,2.454,0,1
2.8112,2.4,-0.0405,1
2.8112,2.4,0.0405,1
2.81246,1.893075,0.091411,1
2.81246,1.893075,-0.091411,1
2.8221,1.88835,0,1
2.8221,1.88835,0,1
2.8242,2.42025,0,1
2.8242,2.42025,0,1
2.82475,2.454529,-0.057996,1
2.82475,2.454529,0.057996,1
2.825,2.45625,0,1
2.825,2.45625,0,1
2.82513,2.437123,-0.115008,1
2.82513,2.437123,0.115008,1
2.8296,2.4,0.1575,1
2.8296,2.4,-0.1575,1
2.8296,2.4,-0.1575,1
2.8296,2.4,0.1575,1
2.83667,2.420519,-0.041256,1
2.83667,2.420519,0.041256,1
2.8367,2.282175,0.19611,1
2.8367,2.282175,-0.19611,1
2.8368,2.454,0,1
2.8368,2.454,0,1
2.83738,2.110488,-0.184363,1
2.83738,2.110488,0.184363,1
2.8376,2.436,0,1
2.8376,2.436,0,1
2.8414,2.44725,0,1
2.8414,2.44725,0,1
2.8416,2.4,-0.072,1
2.8416,2.4,0.072,1
2.84189,2.456841,-0.054,1
2.84189,2.456841,0.054,1
2.85119,2.448847,-0.109632,1
2.85119,2.448847,0.109632,1
2.85133,2.436454,-0.043308,1
2.85133,2.436454,0.043308,1
2.85279,2.454605,-0.050004,1
2.85279,2.454605,0.050004,1
2.85632,2.447812,-0.046332,1
2.85632,2.447812,0.046332,1
2.86563,2.421453,-0.155736,1
2.86563,2.421453,0.155736,1
2.87052,2.42125,-0.073344,1
2.87052,2.42125,0.073344,1
2.87239,2.455966,-0.103104,1
2.87239,2.455966,0.103104,1
2.88147,2.100072,-0.140467,1
2.88147,2.100072,0.140467,1
2.8864,2.4,-0.0945,1
2.8864,2.4,0.0945,1
2.88773,2.458444,-0.096,1
2.88773,2.458444,0.096,1
2.8886,2.437685,-0.076992,1
2.8886,2.437685,0.076992,1
2.89621,2.456246,0.088896,1
2.89621,2.456246,-0.088896,1
2.89683,2.449338,-0.082368,1
2.89683,2.449338,0.082368,1
2.89699,2.438333,-0.150948,1
2.89699,2.438333,0.150948,1
2.90703,2.276958,0.188266,1
2.90703,2.276958,-0.188266,1
2.9112,2.4,-0.18,1
2.9112,2.4,-0.18,1
2.9112,2.4,0.18,1
2.91138,2.093004,-0.079013,1
2.91138,2.093004,0.079013,1
2.92041,2.422328,-0.096264,1
2.92041,2.422328,0.096264,1
2.9224,2.0904,0,1
2.9229,2.450567,-0.143892,1
2.9229,2.450567,0.143892,1
2.9408,2.4,-0.108,1
2.9408,2.4,0.108,1
2.94259,2.458082,-0.135324,1
2.94259,2.458082,0.135324,1
2.94353,2.439499,-0.101052,1
2.94353,2.439499,0.101052,1
2.95115,2.42221,-0.177984,1
2.95115,2.42221,0.177984,1
2.95528,2.460806,-0.126,1
2.95528,2.460806,0.126,1
2.95652,2.451588,-0.108108,1
2.95652,2.451588,0.108108,1
2.96018,2.458666,-0.116676,1
2.96018,2.458666,0.116676,1
2.97166,2.272164,0.164732,1
2.97166,2.272164,-0.164732,1
2.98099,2.423636,0.110016,1
2.98099,2.423636,-0.110016,1
2.98424,2.439802,-0.172512,1
2.98424,2.439802,0.172512,1
3,2.4,-0.1875,1
3,2.4,-0.1875,1
3,2.4,-0.1125,1
3,2.4,0.1125,1
3,2.4,0.1875,1
3.00998,2.452655,-0.164448,1
3.00998,2.452655,0.164448,1
3.01022,2.441702,-0.115488,1
3.01022,2.441702,0.115488,1
3.02488,2.268216,0.12551,1
3.02488,2.268216,-0.12551,1
3.02783,2.460653,-0.154656,1
3.02783,2.460653,0.154656,1
3.02901,2.454319,-0.123552,1
3.02901,2.454319,0.123552,1
3.0373,2.463675,-0.144,1
3.0373,2.463675,0.144,1
3.03786,2.461603,0.133344,1
3.03786,2.461603,-0.133344,1
3.04421,2.423034,-0.1854,1
3.04421,2.423034,0.1854,1
3.04691,2.425059,0.1146,1
3.04691,2.425059,-0.1146,1
3.0592,2.4,-0.108,1
3.0592,2.4,0.108,1
3.06099,2.265537,0.0706,1
3.06099,2.265537,-0.0706,1
3.0743,2.26455,0,1
3.0743,2.26455,0,1
3.0792,2.4414,-0.1797,1
3.0792,2.4414,0.1797,1
3.0828,2.4441,-0.1203,1
3.0828,2.4441,0.1203,1
3.0888,2.4,-0.18,1
3.0888,2.4,-0.18,1
3.0888,2.4,0.18,1
3.10474,2.454928,-0.1713,1
3.10474,2.454928,0.1713,1
3.10789,2.457291,-0.1287,1
3.10789,2.457291,0.1287,1
3.11284,2.426483,0.110016,1
3.11284,2.426483,-0.110016,1
3.1136,2.4,-0.0945,1
3.1136,2.4,0.0945,1
3.1206,2.46345,0.1611,1
3.1206,2.46345,-0.1611,1
3.1224,2.4648,0.1389,1
3.1224,2.4648,-0.1389,1
3.12656,2.466797,-0.15,1
3.12656,2.466797,0.15,1
3.13728,2.423859,-0.177984,1
3.13728,2.423859,0.177984,1
3.15538,2.446498,-0.115488,1
3.15538,2.446498,0.115488,1
3.1584,2.4,-0.072,1
3.1584,2.4,0.072,1
3.1704,2.4,-0.1575,1
3.1704,2.4,0.1575,1
3.1704,2.4,-0.1575,1
3.17341,2.427791,-0.096264,1
3.17341,2.427791,0.096264,1
3.17416,2.442998,-0.172512,1
3.17416,2.442998,0.172512,1
3.18677,2.460263,-0.123552,1
3.18677,2.460263,0.123552,1
3.1888,2.4,-0.0405,1
3.1888,2.4,0.0405,1
3.1995,2.457201,-0.164448,1
3.1995,2.457201,0.164448,1
3.2,2.4,0,1
3.20694,2.467997,0.133344,1
3.20694,2.467997,-0.133344,1
3.21337,2.466247,-0.154656,1
3.21337,2.466247,0.154656,1
3.21583,2.469919,-0.144,1
3.21583,2.469919,0.144,1
3.22207,2.448701,-0.101052,1
3.22207,2.448701,0.101052,1
3.2228,2.424616,-0.155736,1
3.2228,2.424616,0.155736,1
3.2233,2.428868,-0.073344,1
3.2233,2.428868,0.073344,1
3.2376,2.4,-0.12,1
3.2376,2.4,0.12,1
3.2376,2.4,-0.12,1
3.25715,2.429599,-0.041256,1
3.25715,2.429599,0.041256,1
3.25925,2.462994,-0.108108,1
3.25925,2.462994,0.108108,1
3.26141,2.444467,-0.150948,1
3.26141,2.444467,0.150948,1
3.26963,2.429869,0,1
3.26963,2.429869,0,1
3.277,2.450515,-0.076992,1
3.277,2.450515,0.076992,1
3.2832,2.4,-0.0675,1
3.2832,2.4,0.0675,1
3.2832,2.4,-0.0675,1
3.28462,2.470934,-0.116676,1
3.28462,2.470934,0.116676,1
3.28658,2.459289,-0.143892,1
3.28658,2.459289,0.143892,1
3.29323,2.42524,-0.118656,1
3.29323,2.42524,0.118656,1
3.29785,2.472787,-0.126,1
3.29785,2.472788,0.126,1
3.29861,2.468818,-0.135324,1
3.29861,2.468818,0.135324,1
3.3,2.4,0,1
3.3,2.4,0,1
3.31427,2.451746,-0.043308,1
3.31427,2.451746,0.043308,1
3.31895,2.465243,-0.082368,1
3.31895,2.465243,0.082368,1
3.328,2.4522,0,1
3.328,2.4522,0,1
3.33327,2.445677,-0.115008,1
3.33327,2.445677,0.115008,1
3.34102,2.425663,-0.066744,1
3.34102,2.425663,0.066744,1
3.3486,2.473354,0.088896,1
3.3486,2.473354,-0.088896,1
3.35829,2.461009,-0.109632,1
3.35829,2.461009,0.109632,1
3.35863,2.425819,0,1
3.35945,2.466769,-0.046332,1
3.35945,2.466769,0.046332,1
3.3654,2.47515,-0.096,1
3.3654,2.47515,0.096,1
3.36881,2.470934,-0.103104,1
3.36881,2.470934,0.103104,1
3.37438,2.467331,0,1
3.37438,2.467331,0,1
3.38204,2.446498,-0.064692,1
3.38204,2.446498,0.064692,1
3.39201,2.474995,-0.050004,1
3.39201,2.474995,0.050004,1
3.4,2.4468,0,1
3.40695,2.462176,-0.061668,1
3.40695,2.462176,0.061668,1
3.408,2.4756,0,1
3.408,2.4756,0,1
3.41124,2.476753,-0.054,1
3.41124,2.476753,0.054,1
3.41645,2.472371,-0.057996,1
3.41645,2.472371,0.057996,1
3.42488,2.462606,0,1
3.42813,2.477344,0,1
3.42813,2.477344,0,1
3.434,2.4729,0,1